Data from Daily Inventory of Electricity Consumption,,,,,,,,,,,,,,,,,,,,,
Date,Main Meter – Meralco (kW),SteerHub (kWh),CEAFA (kWh),Automotive (kWh),CET (kWh),RGR (kWh),SSC (kWh),GYM (kWh),,,,,,,,,,,,,
"January 17, 2023",14.4,147.567,647.754,44.316,0.977,0.395,66.403,0.491,,,,,,,,,,,,,
"January 18, 2023",28.8,43.987,1296.467,32.375,0.102,0.182,69.358,0.321,,,,,,,,,,,,,
"January 19, 2023",23.3,56.68,1646.544,52.952,0.008,0.157,64.218,0.192,,,,,,,,,,,,,
"January 20, 2023",20,135.56,1261.773,58.202,0.434,0.827,30.185,0.309,,,,,,,,,,,,,
"January 21, 2023",8.9,135.206,1501.108,52.848,0.093,0.042,79.843,0.975,,,,,,,,,,,,,
"January 22, 2023",8.9,122.584,1572.627,20.063,0.748,0.419,23.509,0.411,,,,,,,,,,,,,
"January 23, 2023",6.5,131.032,850.888,45.456,0.915,0.168,14.291,0.445,,,,,,,,,,,,,
"January 24, 2023",26.7,106.836,833.249,22.045,0.434,0.879,67.397,0.577,,,,,,,,,,,,,
"January 25, 2023",20,60.288,1272.079,30.304,0.259,0.557,48.038,0.983,,,,,,,,,,,,,
"January 26, 2023",22.7,75.311,1052.131,22.381,0.434,0.231,77.928,0.242,,,,,,,,,,,,,
"January 27, 2023",5.5,49.056,1523.847,44.152,0.723,0.502,40.672,0.681,,,,,,,,,,,,,
"January 28, 2023",29.2,165.352,1590.025,47.464,0.009,0.731,23.462,0.716,,,,,,,,,,,,,
"January 29, 2023",25.8,113.343,988.764,24.58,0.589,0.958,76.915,0.607,,,,,,,,,,,,,
"January 30, 2023",10.3,84.136,860.558,35.354,0.613,0.22,53.913,0.089,,,,,,,,,,,,,
"January 31, 2023",9.5,93.921,1458.578,38.249,0.638,0.886,25.136,0.677,,,,,,,,,,,,,
"February 01, 2023",9.6,171.565,902.287,34.762,0.242,0.934,67.631,0.064,,,,,,,,,,,,,
"February 02, 2023",12.6,44.536,1504.876,24.841,0.714,0.916,50.889,0.596,,,,,,,,,,,,,
"February 03, 2023",18.1,113.797,1066.112,36.758,0.091,0.635,58.345,0.74,,,,,,,,,,,,,
"February 04, 2023",15.8,100.942,1334.305,50.047,0.199,0.63,46.872,0.211,,,,,,,,,,,,,
"February 05, 2023",12.3,117.833,705.089,22.84,0.877,0.403,76.297,0.842,,,,,,,,,,,,,
"February 06, 2023",20.3,22.898,1286.245,23.207,0.739,0.752,76.365,0.03,,,,,,,,,,,,,
"February 07, 2023",8.5,159.54,1096.944,34.191,0.014,0.531,66.751,0.844,,,,,,,,,,,,,
"February 08, 2023",12.3,169.139,1245.269,57.669,0.248,0.677,18.432,0.46,,,,,,,,,,,,,
"February 09, 2023",14.2,110.421,784.816,46.743,0.214,0.428,77.108,0.218,,,,,,,,,,,,,
"February 10, 2023",16.4,131.464,1410.561,47.147,0.271,0.731,63.681,0.134,,,,,,,,,,,,,
"February 11, 2023",24.6,167.6,1549.077,34.477,0.248,0.824,65.762,0.953,,,,,,,,,,,,,
"February 12, 2023",10,133.158,838.414,43.746,0.063,0.146,39.039,0.073,,,,,,,,,,,,,
"February 13, 2023",17.9,44.406,705.286,20.405,0.459,0.833,80.342,0.199,,,,,,,,,,,,,
"February 14, 2023",19.8,112.206,626.002,45.444,0.733,0.54,68.03,0.348,,,,,,,,,,,,,
"February 15, 2023",6.2,117.074,1306.169,56.531,0.607,0.845,19.007,0.62,,,,,,,,,,,,,
"February 16, 2023",20.2,87.861,1267.803,44.503,0.673,0.431,42.622,0.545,,,,,,,,,,,,,
"February 17, 2023",9.3,137.831,1201.367,54.948,0.081,0.379,80.91,0.126,,,,,,,,,,,,,
"February 18, 2023",6.6,169.499,855.142,48.959,0.951,0.915,13.776,0.29,,,,,,,,,,,,,
"February 19, 2023",28.7,168.091,1029.997,24.822,0.838,0.251,86.913,0.239,,,,,,,,,,,,,
"February 20, 2023",29.1,92.134,1253.924,56.098,0.805,0.844,64.333,0.214,,,,,,,,,,,,,
"February 21, 2023",25.2,38.118,1146.444,22.658,0.823,0.484,60.51,0.411,,,,,,,,,,,,,
"February 22, 2023",12.6,177.575,1686.564,41.359,0.933,0.514,31.645,0.704,,,,,,,,,,,,,
"February 23, 2023",7.4,154.224,750.084,25.685,0.544,0.308,29.903,0.217,,,,,,,,,,,,,
"February 24, 2023",22.1,39.946,1364.659,20.468,0.2,0.573,85.365,0.367,,,,,,,,,,,,,
"February 25, 2023",16,167.335,1044.751,36.881,0.617,0.325,33.862,0.391,,,,,,,,,,,,,
"February 26, 2023",8.1,159.183,1071.02,31.802,0.743,0.039,72.04,0.976,,,,,,,,,,,,,
"February 27, 2023",17.4,103.014,1389.358,39.44,0.738,0.272,41.45,0.955,,,,,,,,,,,,,
"February 28, 2023",5.9,114.604,1361.68,43.088,0.521,0.006,21.14,0.8,,,,,,,,,,,,,
"March 01, 2023",27.7,83.84,1690.382,21.75,0.068,0.978,10.857,0.242,,,,,,,,,,,,,
"March 02, 2023",11.5,28.762,741.234,24.92,0.371,0.966,53.541,0.068,,,,,,,,,,,,,
"March 03, 2023",21.6,73.632,714.521,42.346,0.921,0.395,88.062,0.317,,,,,,,,,,,,,
"March 04, 2023",12.8,148.457,1396.773,33.727,0.584,0.728,39.531,0.267,,,,,,,,,,,,,
"March 05, 2023",18,20.741,1236.226,49.167,0.538,0.346,38.575,0.506,,,,,,,,,,,,,
"March 06, 2023",18.7,73.36,901.577,46.092,0.269,0.671,37.527,0.778,,,,,,,,,,,,,
"March 07, 2023",9.6,83.707,687.361,53.824,0.368,0.805,51.644,0.858,,,,,,,,,,,,,
"March 08, 2023",29.2,105.983,694.224,47.7,0.895,0.947,45.253,0.845,,,,,,,,,,,,,
"March 09, 2023",24.4,167.177,1583.61,37.197,0.666,0.4,80.393,0.36,,,,,,,,,,,,,
"March 10, 2023",28.5,75.415,811.054,46.919,0.787,0.783,50.442,0.687,,,,,,,,,,,,,
"March 11, 2023",27.4,75.513,955.709,31.015,0.454,0.266,50.621,0.313,,,,,,,,,,,,,
"March 12, 2023",19.9,138,849.322,32.253,0.63,0.99,21.07,0.061,,,,,,,,,,,,,
"March 13, 2023",28,92.355,990.496,51.559,0.248,0.026,88.619,0.702,,,,,,,,,,,,,
"March 14, 2023",7.2,55.937,676.366,37.857,0.705,0.604,29.998,0.01,,,,,,,,,,,,,
"March 15, 2023",9.9,92.39,1170.966,51.935,0.428,0.66,15.869,0.409,,,,,,,,,,,,,
"March 16, 2023",6.1,42.537,674.374,52.897,0.443,0.688,63.052,0.329,,,,,,,,,,,,,
"March 17, 2023",13.1,48.222,1480.392,54.302,0.649,0.12,57.629,0.693,,,,,,,,,,,,,
"March 18, 2023",14.7,99.739,857.083,56.665,0.936,0.939,43.212,0.766,,,,,,,,,,,,,
"March 19, 2023",11.8,87.028,1194.013,37.239,0.064,0.181,43.775,0.304,,,,,,,,,,,,,
"March 20, 2023",25.7,166.375,1568.087,32.755,0.825,0.623,72.805,0.812,,,,,,,,,,,,,
"March 21, 2023",13.9,77.983,1315.965,43.288,0.292,0.223,25.657,0.294,,,,,,,,,,,,,
"March 22, 2023",12,112.894,1186.254,34.847,0.444,0.307,75.62,0.446,,,,,,,,,,,,,
"March 23, 2023",18.6,121.162,956.767,44.043,0.022,0.546,61.9,0.727,,,,,,,,,,,,,
"March 24, 2023",8.5,22.095,966.302,48.223,0.301,0.417,43.518,0.693,,,,,,,,,,,,,
"March 25, 2023",25.1,126.166,1336.436,47.536,0.503,0.16,46.642,0.987,,,,,,,,,,,,,
"March 26, 2023",6.9,48.486,1693.553,34.982,0.056,0.171,30.532,0.225,,,,,,,,,,,,,
"March 27, 2023",29.7,173.771,1328.023,26.674,0.491,0.418,70.169,0.662,,,,,,,,,,,,,
"March 28, 2023",24.3,43.786,1213.562,37.221,0.927,0.757,51.03,0.61,,,,,,,,,,,,,
"March 29, 2023",10,86.34,1403.716,25.704,0.105,0.898,35.668,0.915,,,,,,,,,,,,,
"March 30, 2023",5.1,33.656,1111.726,55.604,0.764,0.084,57.684,0.156,,,,,,,,,,,,,
"March 31, 2023",25.4,179.5,666.157,33.835,0.41,0.393,89.659,0.752,,,,,,,,,,,,,
"April 01, 2023",22.7,100.351,1218.526,26.178,0.655,0.1,44.821,0.568,,,,,,,,,,,,,
"April 02, 2023",23.2,115.262,1653.388,21.018,0.26,0.017,83.655,0.275,,,,,,,,,,,,,
"April 03, 2023",24.3,30.732,792.833,45.833,0.159,0.662,37.601,0.474,,,,,,,,,,,,,
"April 04, 2023",6.9,139.994,1359.005,45.476,0.16,0.602,14.379,0.334,,,,,,,,,,,,,
"April 05, 2023",14,53.585,821.027,33.624,0.07,0.163,26.339,0.579,,,,,,,,,,,,,
"April 06, 2023",7.9,163.689,1189.41,22.868,0.186,0.234,43.496,0.889,,,,,,,,,,,,,
"April 07, 2023",26.6,52.822,706.344,36.385,0.664,0.024,27.571,0.569,,,,,,,,,,,,,
"April 08, 2023",20.6,50.51,1095.408,32.449,0.882,0.835,10.018,0.632,,,,,,,,,,,,,
"April 09, 2023",13.3,25.848,1431.78,47.085,0.814,0.975,83.2,0.519,,,,,,,,,,,,,
"April 10, 2023",6.6,95.531,982.329,44.231,0.685,0.135,77.51,0.051,,,,,,,,,,,,,
"April 11, 2023",12.8,110.375,1331.403,34.584,0.11,0.231,69.383,0.233,,,,,,,,,,,,,
"April 12, 2023",13.1,30.513,1474.995,28.716,0.289,0.868,23.425,0.492,,,,,,,,,,,,,
"April 13, 2023",23.2,144.084,1619.896,59.521,0.31,0.926,19.629,0.31,,,,,,,,,,,,,
"April 14, 2023",20.9,92.526,858.106,38.16,0.25,0.42,15.408,0.182,,,,,,,,,,,,,
"April 15, 2023",27.2,103.902,1039.248,47.531,0.515,0.051,67.922,0.504,,,,,,,,,,,,,
"April 16, 2023",16.8,90.522,767.658,25.622,0.536,0.039,84.305,0.323,,,,,,,,,,,,,
"April 17, 2023",8,84.122,1691.732,39.424,0.357,0.574,44.443,0.258,,,,,,,,,,,,,
"April 18, 2023",22.8,109.542,1619.701,21.101,0.354,0.393,19.531,0.464,,,,,,,,,,,,,
"April 19, 2023",24,44.838,1193.953,40.218,0.829,0.029,50.991,0.133,,,,,,,,,,,,,
"April 20, 2023",19,49.109,1526.237,58.561,0.789,0.583,37.907,0.928,,,,,,,,,,,,,
"April 21, 2023",24.3,157.886,1173.054,35.368,0.308,0.011,39.986,0.868,,,,,,,,,,,,,
"April 22, 2023",17.3,171.378,1285.944,21.56,0.914,0.787,59.706,0.708,,,,,,,,,,,,,
"April 23, 2023",18.1,79.729,698.037,21.238,0.953,0.306,67.497,0.106,,,,,,,,,,,,,
"April 24, 2023",15.7,63.319,1430.797,35.519,0.327,0.04,18.848,0.776,,,,,,,,,,,,,
"April 25, 2023",5.6,123.04,740.485,26.401,0.354,0.588,12.847,0.808,,,,,,,,,,,,,
"April 26, 2023",7.7,85.397,1508.674,20.934,0.506,0.398,89.546,0.768,,,,,,,,,,,,,
"April 27, 2023",5.8,24.062,1460.231,50.249,0.941,0.974,28.618,0.114,,,,,,,,,,,,,
"April 28, 2023",20.9,44.984,1379.619,38.341,0.876,0.544,14.306,0.644,,,,,,,,,,,,,
"April 29, 2023",12.9,134.556,639.776,31.57,0.103,0.275,25.19,0.834,,,,,,,,,,,,,
"April 30, 2023",17.7,125.428,933.441,56.003,0.393,0.709,13.117,0.577,,,,,,,,,,,,,
"May 01, 2023",27.7,24.335,889.424,24.646,0.553,0.271,41.345,0.646,,,,,,,,,,,,,
"May 02, 2023",11.2,55.516,996.15,58.237,0.503,0.904,74.192,0.458,,,,,,,,,,,,,
"May 03, 2023",15.3,56.972,696.407,32.559,0.194,0.375,37.3,0.529,,,,,,,,,,,,,
"May 04, 2023",23.9,127.503,1630.654,55.536,0.859,0.55,45.535,0.034,,,,,,,,,,,,,
"May 05, 2023",10.7,23.154,1209.182,44.118,0.677,0.051,64.047,0.639,,,,,,,,,,,,,
"May 06, 2023",6.9,36.657,936.077,53.068,0.838,0.426,50.712,0.081,,,,,,,,,,,,,
"May 07, 2023",12.2,147.987,1036.68,59.361,0.859,0.832,78.916,0.435,,,,,,,,,,,,,
"May 08, 2023",9,48.567,1091.923,31.536,0.748,0.806,79.283,0.293,,,,,,,,,,,,,
"May 09, 2023",28.2,124.439,1260.654,58.445,0.439,0.224,10.793,0.545,,,,,,,,,,,,,
"May 10, 2023",25.2,58.109,1167.247,35.579,0.611,0.226,72.244,0.133,,,,,,,,,,,,,
"May 11, 2023",20.8,35.911,1611.331,35.42,0.16,0.817,46.859,0.692,,,,,,,,,,,,,
"May 12, 2023",26.8,58.908,1146.66,33.615,0.674,0.93,89.107,0.795,,,,,,,,,,,,,
"May 13, 2023",25.1,135.563,1691.374,41.656,0.179,0.095,48.659,0.163,,,,,,,,,,,,,
"May 14, 2023",9.7,156.911,1536.567,26.166,0.694,0.45,88.952,0.104,,,,,,,,,,,,,
"May 15, 2023",27.3,152.835,829.362,42.148,0.23,0.337,70.366,0.146,,,,,,,,,,,,,
"May 16, 2023",18.5,83.549,1623.655,41.668,0.118,0.871,29.888,0.877,,,,,,,,,,,,,
"May 17, 2023",25.2,126.894,728.003,50.476,0.165,0.084,53.072,0.528,,,,,,,,,,,,,
"May 18, 2023",27.4,52.797,1499.195,53.346,0.002,0.211,89.371,0.467,,,,,,,,,,,,,
"May 19, 2023",13,66.904,1018.686,37.618,0.719,0.752,78.602,0.107,,,,,,,,,,,,,
"May 20, 2023",7.8,163.414,1565.772,32.093,0.732,0.051,17.789,0.65,,,,,,,,,,,,,
"May 21, 2023",10.7,22.08,1554.862,30.373,0.515,0.493,66.51,0.868,,,,,,,,,,,,,
"May 22, 2023",15.7,33.681,1486.518,27.785,0.161,0.442,37.646,0.828,,,,,,,,,,,,,
"May 23, 2023",25.5,53.262,1469.033,22.306,0.084,0.334,10.559,0.626,,,,,,,,,,,,,
"May 24, 2023",26.5,24.245,935.147,33.698,0.019,0.395,42.278,0.075,,,,,,,,,,,,,
"May 25, 2023",5.2,49.03,689.011,30.81,0.166,0.53,28.78,0.112,,,,,,,,,,,,,
"May 26, 2023",17.8,113.287,1043.278,58.657,0.891,0.161,75.51,0.049,,,,,,,,,,,,,
"May 27, 2023",15.4,87.428,790.877,42.308,0.242,0.572,36.986,0.257,,,,,,,,,,,,,
"May 28, 2023",10.6,162.827,1364.446,33.891,0.354,0.805,76.202,0.136,,,,,,,,,,,,,
"May 29, 2023",8,150.791,980.71,43.219,0.105,0.76,10.048,0.26,,,,,,,,,,,,,
"May 30, 2023",13.4,74.691,1673.171,25.568,0.222,0.154,34.626,0.385,,,,,,,,,,,,,
"May 31, 2023",28.6,61.508,1305.069,37.762,0.519,0.149,29.293,0.943,,,,,,,,,,,,,
"June 01, 2023",13.1,80.751,1504.729,45.049,0.608,0.268,28.685,0.61,,,,,,,,,,,,,
"June 02, 2023",18,114.447,745.777,39.556,0.245,0.361,15.455,0.835,,,,,,,,,,,,,
"June 03, 2023",22.6,62.89,1548.216,36.071,0.058,0.408,24.97,0.71,,,,,,,,,,,,,
"June 04, 2023",14.1,119.864,1615.033,59.754,0.391,0.68,54.444,0.113,,,,,,,,,,,,,
"June 05, 2023",29.3,85.506,1135.768,55.213,0.234,0.057,33.309,0.736,,,,,,,,,,,,,
"June 06, 2023",29.1,108.328,1266.878,44.936,0.22,0.035,43.392,0.275,,,,,,,,,,,,,
"June 07, 2023",11.3,89.78,1441.291,42.775,0.96,0.392,40.149,0.639,,,,,,,,,,,,,
"June 08, 2023",17.4,67.115,792.322,44.826,0.616,0.697,80.072,0.341,,,,,,,,,,,,,
"June 09, 2023",12.5,171.753,1152.823,28.052,0.557,0.193,82.424,0.998,,,,,,,,,,,,,
"June 10, 2023",12.1,142.177,1038.529,35.806,0.416,0.642,49.437,0.264,,,,,,,,,,,,,
"June 11, 2023",5.9,42.418,761.011,21.578,0.429,0.26,36.412,0.279,,,,,,,,,,,,,
"June 12, 2023",20.2,158.955,1004.288,39.022,0.541,0.886,18.544,0.931,,,,,,,,,,,,,
"June 13, 2023",17.6,97.989,674.99,41.721,0.696,0.896,86.272,0.025,,,,,,,,,,,,,
"June 14, 2023",6.3,163.128,628.393,29.11,0.702,0.297,14.818,0.697,,,,,,,,,,,,,
"June 15, 2023",12,147.977,748.683,58.561,0.172,0.23,33.812,0.725,,,,,,,,,,,,,
"June 16, 2023",27.7,88.034,1659.427,56.378,0.5,0.411,33.845,0.836,,,,,,,,,,,,,
"June 17, 2023",11,23.595,1204.482,48.886,0.412,0.241,35.632,0.974,,,,,,,,,,,,,
"June 18, 2023",8.6,62.988,1662.404,41.335,0.871,0.672,23.143,0.976,,,,,,,,,,,,,
"June 19, 2023",17.2,106.661,1075.748,54.799,0.631,0.826,72.653,0.065,,,,,,,,,,,,,
"June 20, 2023",29.6,121.357,942.998,25.226,0.533,0.673,19.8,0.822,,,,,,,,,,,,,
"June 21, 2023",11.1,61.262,1156.756,51.62,0.115,0.824,60.793,0.646,,,,,,,,,,,,,
"June 22, 2023",21.8,42.297,1083.463,24.993,0.606,0.397,19.908,0.647,,,,,,,,,,,,,
"June 23, 2023",24,153.589,716.231,51.768,0.117,0.156,15.643,0.128,,,,,,,,,,,,,
"June 24, 2023",10.9,177.504,1304.909,31.031,0.337,0.738,82.754,0.65,,,,,,,,,,,,,
"June 25, 2023",23.2,104.11,837.642,55.084,0.143,0.36,25.21,0.982,,,,,,,,,,,,,
"June 26, 2023",14.2,47.469,1281.547,57.762,0.692,0.671,75.7,0.912,,,,,,,,,,,,,
"June 27, 2023",20.8,63.569,1315.221,25.952,0.206,0.271,53.57,0.439,,,,,,,,,,,,,
"June 28, 2023",20.8,22.943,767.227,38.507,0.392,0.081,16.229,0.04,,,,,,,,,,,,,
"June 29, 2023",18.4,166.288,667.485,59.239,0.896,0.993,86.436,0.362,,,,,,,,,,,,,
"June 30, 2023",7.3,38.84,1458.838,39.336,0.204,0.156,29.757,0.826,,,,,,,,,,,,,
"July 01, 2023",25.9,112.243,1105.78,54.542,0.508,0.988,78.772,0.701,,,,,,,,,,,,,
"July 02, 2023",13,63.849,663.98,43.549,0.419,0.977,23.505,0.459,,,,,,,,,,,,,
"July 03, 2023",9.7,108.668,1694.353,35.013,0.018,0.794,78.315,0.055,,,,,,,,,,,,,
"July 04, 2023",6,124.227,663.559,31.431,0.793,0.659,11.058,0.427,,,,,,,,,,,,,
"July 05, 2023",19.8,152.759,1364.539,28.129,0.069,0.578,50.942,0.469,,,,,,,,,,,,,
"July 06, 2023",21.9,53.027,1682.047,50.472,0.474,0.866,71.555,0.929,,,,,,,,,,,,,
"July 07, 2023",5.4,21.759,863.098,35.462,0.561,0.289,84.784,0.641,,,,,,,,,,,,,
"July 08, 2023",17.8,41.902,756.474,40.451,0.628,0.468,82.736,0.312,,,,,,,,,,,,,
"July 09, 2023",10.7,164.003,733.523,39.693,0.689,0.619,75.57,0.525,,,,,,,,,,,,,
"July 10, 2023",21.1,159.822,933.603,43.091,0.253,0.411,81.055,0.066,,,,,,,,,,,,,
"July 11, 2023",9.4,115.586,711.15,54.623,0.01,0.427,25.938,0.973,,,,,,,,,,,,,
"July 12, 2023",22.3,116.083,1361.377,59.23,0.723,0.33,32.735,0.36,,,,,,,,,,,,,
"July 13, 2023",14.7,126.406,668.521,36.303,0.536,0.564,33.117,0.478,,,,,,,,,,,,,
"July 14, 2023",28.4,48.059,1160.364,53.101,0.836,0.851,40.164,0.355,,,,,,,,,,,,,
"July 15, 2023",8.4,166.306,1696.367,50.581,0.821,0.202,41.466,0.683,,,,,,,,,,,,,
"July 16, 2023",13.5,87.003,1495.367,42.941,0.843,0.934,53.564,0.662,,,,,,,,,,,,,
"July 17, 2023",7.8,81.302,1276.741,58.242,0.485,0.689,22.79,0.715,,,,,,,,,,,,,
"July 18, 2023",28.1,103.027,936.879,28.019,0.334,0.823,65.3,0.268,,,,,,,,,,,,,
"July 19, 2023",26.9,27.515,1286.285,24.371,0.792,0.556,23.405,0.316,,,,,,,,,,,,,
"July 20, 2023",11.4,46.605,1179.746,54.158,0.451,0.78,34.825,0.125,,,,,,,,,,,,,
"July 21, 2023",21.5,138.085,1068.692,37.566,0.183,0.016,50.268,0.656,,,,,,,,,,,,,
"July 22, 2023",25.4,33.248,743.781,53.879,0.855,0.818,73.715,0.04,,,,,,,,,,,,,
"July 23, 2023",18.9,116.504,1575.265,55.724,0.883,0.04,69.158,0.598,,,,,,,,,,,,,
"July 24, 2023",18.2,59.256,1094.763,22.498,0.466,0.89,61.643,0.87,,,,,,,,,,,,,
"July 25, 2023",11,82.287,814.085,55.339,0.076,0.992,22.462,0.891,,,,,,,,,,,,,
"July 26, 2023",7.3,66.191,1004.535,37.933,0.388,0.294,53.764,0.449,,,,,,,,,,,,,
"July 27, 2023",27.4,76.908,1055.543,40.417,0.804,0.21,16.996,0.459,,,,,,,,,,,,,
"July 28, 2023",27.5,135.047,1510.292,45.064,0.902,0.765,40.189,0.077,,,,,,,,,,,,,
"July 29, 2023",20.8,67.539,1406.976,57.055,0.203,0.253,43.081,0.671,,,,,,,,,,,,,
"July 30, 2023",13.5,110.625,1446.235,20.765,0.067,0.866,13.185,0.821,,,,,,,,,,,,,
"July 31, 2023",13.7,96.168,612.134,39.074,0.877,0.103,31.919,0.245,,,,,,,,,,,,,
"August 01, 2023",23.1,126.187,1057.769,47.509,0.389,0.126,86.452,0.421,,,,,,,,,,,,,
"August 02, 2023",27.4,169.893,1129.479,48.908,0.542,0.979,86.291,0.839,,,,,,,,,,,,,
"August 03, 2023",27.2,137.212,621.112,47.701,0.968,0.674,38.186,0.877,,,,,,,,,,,,,
"August 04, 2023",24.5,54.39,885.795,25.377,0.067,0.847,13.448,0.243,,,,,,,,,,,,,
"August 05, 2023",21.1,24.989,1436.319,31.976,0.648,0.324,24.328,0.551,,,,,,,,,,,,,
"August 06, 2023",7.1,61.962,750.821,34.349,0.074,0.676,41.377,0.192,,,,,,,,,,,,,
"August 07, 2023",9,115.212,1188.841,52.177,0.375,0.594,85.822,0.102,,,,,,,,,,,,,
"August 08, 2023",27.5,28.228,836.722,31.15,0.804,0.603,21.296,0.911,,,,,,,,,,,,,
"August 09, 2023",20.2,99.419,613.333,28.428,0.433,0.683,71.081,0.821,,,,,,,,,,,,,
"August 10, 2023",5.2,115.495,865.322,58.298,0.997,0.575,18.695,0.76,,,,,,,,,,,,,
"August 11, 2023",7.5,73.479,1673.461,20.355,0.559,0.429,88.501,0.049,,,,,,,,,,,,,
"August 12, 2023",21.6,143.346,1481.691,59.913,0.321,0.276,40.529,0.844,,,,,,,,,,,,,
"August 13, 2023",5.1,37.056,1655.534,47.073,0.22,0.769,72.019,0.438,,,,,,,,,,,,,
"August 14, 2023",9,32.022,1136.639,53.139,0.351,0.226,37.407,0.342,,,,,,,,,,,,,
"August 15, 2023",18.7,136.51,720.71,31.785,0.373,0.692,60.214,0.546,,,,,,,,,,,,,
"August 16, 2023",22.3,99.279,1202.755,20.573,0.069,0.233,25.361,0.091,,,,,,,,,,,,,
"August 17, 2023",21.3,130.144,1099.815,49.515,0.37,0.625,21.682,0.757,,,,,,,,,,,,,
"August 18, 2023",10.6,89.572,1528.793,53.366,0.464,0.747,85.045,0.582,,,,,,,,,,,,,
"August 19, 2023",22.8,59.424,707.891,49.619,0.723,0.219,83.412,0.187,,,,,,,,,,,,,
"August 20, 2023",10.9,151.056,1137.065,25.714,0.657,0.06,80.998,0.188,,,,,,,,,,,,,
"August 21, 2023",13.1,147.907,765.054,50.137,0.709,0.131,60.035,0.184,,,,,,,,,,,,,
"August 22, 2023",23.7,131.151,957.144,50.757,0.008,0.606,74.661,0.057,,,,,,,,,,,,,
"August 23, 2023",21.2,63.543,1411.093,46.342,0.218,0.849,15.523,0.588,,,,,,,,,,,,,
"August 24, 2023",26.2,114.437,1123.62,50.645,0.662,0.045,36.783,0.84,,,,,,,,,,,,,
"August 25, 2023",21.4,77.756,1013.477,53.837,0.484,0.734,35.096,0.017,,,,,,,,,,,,,
"August 26, 2023",19.2,34.653,1033.924,44.544,0.005,0.341,60.852,0.049,,,,,,,,,,,,,
"August 27, 2023",7.3,166.77,1105.391,23.544,0.804,0.479,38.477,0.573,,,,,,,,,,,,,
"August 28, 2023",14.2,41.891,1463.518,39.505,0.773,0.929,21.881,0.819,,,,,,,,,,,,,
"August 29, 2023",11.6,172.038,1581.293,23.106,0.548,0.332,57.717,0.327,,,,,,,,,,,,,
"August 30, 2023",11.1,91.361,1650.868,36.302,0.066,0.465,75.151,0.35,,,,,,,,,,,,,
"August 31, 2023",29.3,49.621,1465.594,36.284,0.767,0.014,40.57,0.596,,,,,,,,,,,,,
"September 01, 2023",14.8,106.704,946.948,22.64,0.584,0.082,20.581,0.274,,,,,,,,,,,,,
"September 02, 2023",27.3,159.671,1356.948,33.953,0.782,0.259,25.735,0.027,,,,,,,,,,,,,
"September 03, 2023",20.8,137.156,1081.363,24.44,0.752,0.028,28.999,0.735,,,,,,,,,,,,,
"September 04, 2023",24.9,149.05,880.138,52.329,0.803,0.631,33.992,0.626,,,,,,,,,,,,,
"September 05, 2023",17.6,125.405,1524.959,57.908,0.518,0.426,61.424,0.581,,,,,,,,,,,,,
"September 06, 2023",19.4,130.764,642.269,22.893,0.14,0.548,58.076,0.742,,,,,,,,,,,,,
"September 07, 2023",17.3,155.871,1591.938,58.205,0.671,0.175,65.686,0.675,,,,,,,,,,,,,
"September 08, 2023",9.9,59.947,1107.625,40.903,0.62,0.296,39,0.206,,,,,,,,,,,,,
"September 09, 2023",23.1,98.308,1300.922,31.983,0.742,0.664,75.92,0.352,,,,,,,,,,,,,
"September 10, 2023",12,55.394,1325.289,23.074,0.17,0.965,26.327,0.126,,,,,,,,,,,,,
"September 11, 2023",5.6,178.027,1584.63,40.025,0.195,0.05,47.523,0.13,,,,,,,,,,,,,
"September 12, 2023",21.1,171.049,1300.337,51.781,0.89,0.89,74.075,0.676,,,,,,,,,,,,,
"September 13, 2023",9.4,26.308,1275.327,48.283,0.75,0.577,24.413,0.859,,,,,,,,,,,,,
"September 14, 2023",28.5,132.892,673.317,22.009,0.908,0.564,18.789,0.963,,,,,,,,,,,,,
"September 15, 2023",28.8,168.04,1170.249,22.916,0.759,0.5,80.695,0.628,,,,,,,,,,,,,
"September 16, 2023",27.9,48.892,765.186,36.115,0.597,0.069,37.434,0.184,,,,,,,,,,,,,
"September 17, 2023",14.3,110.871,1411.177,31.812,0.654,0.09,64.71,0.106,,,,,,,,,,,,,
"September 18, 2023",5.4,166.478,1163.444,29.295,0.889,0.601,12.028,0.813,,,,,,,,,,,,,
"September 19, 2023",28.2,25.431,1348.251,31.24,0.579,0.341,65.204,0.579,,,,,,,,,,,,,
"September 20, 2023",15.7,131.587,645.84,52.139,0.632,0.917,35.288,0.618,,,,,,,,,,,,,
"September 21, 2023",29.2,67.576,693.271,57.169,0.156,0.407,14.459,0.781,,,,,,,,,,,,,
"September 22, 2023",29.1,167.903,1387.956,36.204,0.474,0.143,58.785,0.703,,,,,,,,,,,,,
"September 23, 2023",26.3,175.369,679.293,56.244,0.716,0.715,29.264,0.834,,,,,,,,,,,,,
"September 24, 2023",12.4,171.083,678.382,32.86,0.271,0.293,40.945,0.056,,,,,,,,,,,,,
"September 25, 2023",14.6,95.874,613.319,39.057,0.202,0.525,16.446,0.748,,,,,,,,,,,,,
"September 26, 2023",26.3,157.927,1652.152,29.041,0.314,0.698,21.773,0.851,,,,,,,,,,,,,
"September 27, 2023",12.9,155.128,1411.259,45.619,0.242,0.9,33.838,0.286,,,,,,,,,,,,,
"September 28, 2023",9.2,71.056,988.577,59.159,0.215,0.792,17.181,0.64,,,,,,,,,,,,,
"September 29, 2023",18.9,152.626,926.189,44.14,0.425,0.676,82.866,0.314,,,,,,,,,,,,,
"September 30, 2023",28.4,25.921,984.674,34.313,0.908,0.68,10.484,0.958,,,,,,,,,,,,,
"October 01, 2023",22.4,115.403,1452.119,45.913,0.507,0.946,48.709,0.033,,,,,,,,,,,,,
"October 02, 2023",19.3,56.801,1327.508,24.917,0.188,0.296,19.86,0.58,,,,,,,,,,,,,
"October 03, 2023",7.4,39.291,803.715,55.546,0.077,0.001,34.614,0.167,,,,,,,,,,,,,
"October 04, 2023",20.4,32.313,791.52,40.123,0.696,0.272,84.085,0.712,,,,,,,,,,,,,
"October 05, 2023",29.8,131.406,708.235,37.974,0.383,0.218,22.936,0.176,,,,,,,,,,,,,
"October 06, 2023",8.5,74.38,1326.333,43.435,0.822,0.662,87.267,0.235,,,,,,,,,,,,,
"October 07, 2023",18,135.963,1440.81,44.991,0.66,0.634,26.464,0.494,,,,,,,,,,,,,
"October 08, 2023",26.9,30.457,891.551,22.871,0.796,0.593,69.325,0.915,,,,,,,,,,,,,
"October 09, 2023",23.5,70.446,623.039,47.305,0.272,0.016,53.734,0.212,,,,,,,,,,,,,
"October 10, 2023",22.4,106.319,690.389,29.677,0.692,0.729,80.758,0.144,,,,,,,,,,,,,
"October 11, 2023",22.6,146.516,1664.646,48.558,0.264,0.324,54.319,0.759,,,,,,,,,,,,,
"October 12, 2023",14,71,924.989,52.901,0.939,0.665,52.765,0.501,,,,,,,,,,,,,
"October 13, 2023",12.3,120.143,1446.145,52.158,0.636,0.557,25.637,0.912,,,,,,,,,,,,,
"October 14, 2023",25.2,161.756,1287.13,42.1,0.325,0.343,23.298,0.147,,,,,,,,,,,,,
"October 15, 2023",25.3,118.538,1020.134,40.807,0.27,0.135,83.319,0.646,,,,,,,,,,,,,
"October 16, 2023",26.7,57.274,826.256,25.715,0.191,0.094,36.227,0.233,,,,,,,,,,,,,
"October 17, 2023",27.8,23.904,733.525,51.014,0.695,0.832,39.767,0.157,,,,,,,,,,,,,
"October 18, 2023",17.8,159.216,1276.514,30.856,0.219,0.918,70.786,0.683,,,,,,,,,,,,,
"October 19, 2023",17.5,23.403,1452.097,39.868,0.595,0.65,37.106,0.594,,,,,,,,,,,,,
"October 20, 2023",25,159.952,1308.295,31.371,0.265,0.103,86.165,0.755,,,,,,,,,,,,,
"October 21, 2023",21.2,104.63,1183.332,25.353,0.662,0.402,69.034,0.309,,,,,,,,,,,,,
"October 22, 2023",22.5,170.251,646.146,45.182,0.815,0.729,57.794,0.448,,,,,,,,,,,,,
"October 23, 2023",24.9,147.805,1665.338,22.173,0.778,0.78,80.472,0.405,,,,,,,,,,,,,
"October 24, 2023",27.3,179.669,1478.586,49.946,0.761,0.118,13.968,0.984,,,,,,,,,,,,,
"October 25, 2023",13.4,76.114,922.104,32.703,0.188,0,30.565,0.292,,,,,,,,,,,,,
"October 26, 2023",14.4,142.75,1677.967,20.005,0.088,0.712,47.203,0.295,,,,,,,,,,,,,
"October 27, 2023",7.3,84.309,1262.07,40.445,0.699,0.357,28.158,0.355,,,,,,,,,,,,,
"October 28, 2023",19.5,96.78,1240.665,21.874,0.368,0.254,69.512,0.565,,,,,,,,,,,,,
"October 29, 2023",5.9,120.401,1422.88,31.047,0.432,0.013,83.537,0.252,,,,,,,,,,,,,
"October 30, 2023",16.6,159.788,1492.947,48.279,0.031,0.54,43.902,0.915,,,,,,,,,,,,,
"October 31, 2023",18.6,177.453,1322.126,22.508,0.26,0.851,37.371,0.266,,,,,,,,,,,,,
"November 01, 2023",12.2,142.924,740.905,53.574,0.034,0.958,86.924,0.896,,,,,,,,,,,,,
"November 02, 2023",19.8,86.843,972.094,20.153,0.879,0.566,45.588,0.103,,,,,,,,,,,,,
"November 03, 2023",5.8,87.417,1620.892,29.873,0.243,0.514,49.124,0.657,,,,,,,,,,,,,
"November 04, 2023",5.9,138.013,847.077,49.636,0.557,0.085,38.132,0.907,,,,,,,,,,,,,
"November 05, 2023",25.6,58.204,1009.384,32.651,0.039,0.549,82.764,0.169,,,,,,,,,,,,,
"November 06, 2023",14,37.676,1075.285,24.076,0.667,0.38,55.516,0.968,,,,,,,,,,,,,
"November 07, 2023",8.2,76.74,1083.345,34.409,0.323,0.607,70.974,0.453,,,,,,,,,,,,,
"November 08, 2023",18.1,65.958,1274.234,30.816,0.898,0.389,74.945,0.946,,,,,,,,,,,,,
"November 09, 2023",24.2,67.409,1637.383,53.708,0.888,0.24,37.348,0.677,,,,,,,,,,,,,
"November 10, 2023",10.4,57.377,864.762,32.534,0.325,0.095,44.696,0.302,,,,,,,,,,,,,
"November 11, 2023",20.6,26.735,733.652,51.557,0.901,0.315,77.878,0.188,,,,,,,,,,,,,
"November 12, 2023",7.1,22.86,817.218,55.675,0.996,0.097,39.06,0.304,,,,,,,,,,,,,
"November 13, 2023",6.3,178.036,1575.617,37.353,0.825,0.177,73.515,0.093,,,,,,,,,,,,,
"November 14, 2023",18.3,88.444,1310.392,56.398,0.845,0.987,85.279,0.144,,,,,,,,,,,,,
"November 15, 2023",18.5,81.492,914.497,35.093,0.249,0.444,59.857,0.105,,,,,,,,,,,,,
"November 16, 2023",20.9,128.744,1497.542,58.563,0.577,0.532,69.33,0.423,,,,,,,,,,,,,
"November 17, 2023",23.2,54.921,1547.507,23.572,0.067,0.874,74.408,0.796,,,,,,,,,,,,,
"November 18, 2023",29.4,171.994,1531.166,47.481,0.095,0.996,77.603,0.141,,,,,,,,,,,,,
"November 19, 2023",17.9,145.815,1610.819,39.753,0.999,0.583,41.604,0.13,,,,,,,,,,,,,
"November 20, 2023",13.1,34.306,877.465,35.506,0.327,0.812,14.101,0.643,,,,,,,,,,,,,
"November 21, 2023",24.9,86.813,1430.546,45.308,0.748,0.327,42.15,0.197,,,,,,,,,,,,,
"November 22, 2023",11.8,160.659,1106.593,48.154,0.807,0.306,63.9,0.098,,,,,,,,,,,,,
"November 23, 2023",16,171.157,1526.198,20.175,0.858,0.403,46.028,0.167,,,,,,,,,,,,,
"November 24, 2023",7,94.784,1401.34,26.678,0.998,0.673,69.917,0.924,,,,,,,,,,,,,
"November 25, 2023",5.6,118.146,1454.092,48.522,0.241,0.682,38.559,0.821,,,,,,,,,,,,,
"November 26, 2023",29.1,46.725,1321.778,46.655,0.04,0.315,60.78,0.354,,,,,,,,,,,,,
"November 27, 2023",25.9,178.587,795.172,58.642,0.411,0.133,24.914,0.656,,,,,,,,,,,,,
"November 28, 2023",22.4,57.067,1199.53,50.442,0.13,0.632,69.95,0.537,,,,,,,,,,,,,
"November 29, 2023",15.2,170.837,1683.137,58.031,0.022,0.128,53.656,0.677,,,,,,,,,,,,,
"November 30, 2023",9.3,123.943,1631.127,48.102,0.36,0.578,26.325,0.683,,,,,,,,,,,,,
"December 01, 2023",8.9,117.238,647.491,31.922,0.784,0.693,33.353,0.629,,,,,,,,,,,,,
"December 02, 2023",11.3,102.03,781.296,24.215,0.566,0.701,69.889,0.266,,,,,,,,,,,,,
"December 03, 2023",18.7,56.907,744.902,51.273,0.313,0.753,48.608,0.039,,,,,,,,,,,,,
"December 04, 2023",22.9,48.244,1398.578,45.766,0.654,0.873,27.283,0.456,,,,,,,,,,,,,
"December 05, 2023",21.5,55.278,1499.564,21.927,0.232,0.5,87.382,0.891,,,,,,,,,,,,,
"December 06, 2023",12,49.83,834.863,34.402,0.014,0.73,67.21,0.569,,,,,,,,,,,,,
"December 07, 2023",28.9,144.734,1156.438,58.272,0.764,0.619,86.571,0.832,,,,,,,,,,,,,
"December 08, 2023",23.4,76.02,1524.773,40.016,0.624,0.187,44.168,0.992,,,,,,,,,,,,,
"December 09, 2023",18.9,29.255,1406.082,37.309,0.762,0.026,48.008,0.164,,,,,,,,,,,,,
"December 10, 2023",20.3,175.056,1196.461,38.308,0.039,0.285,81.836,0.692,,,,,,,,,,,,,
"December 11, 2023",15.5,161.406,1249.382,28.355,0.837,0.443,52.004,0.674,,,,,,,,,,,,,
"December 12, 2023",11.2,168.44,1159.197,34.748,0.62,0.617,66.582,0.98,,,,,,,,,,,,,
"December 13, 2023",13.9,179.185,927.303,34.793,0.563,0.85,30.174,0.986,,,,,,,,,,,,,
"December 14, 2023",23.9,47.823,1221.524,22.094,0.625,0.196,45.738,0.687,,,,,,,,,,,,,
"December 15, 2023",5.4,83.399,1357.774,50.703,0.864,0.126,19.876,0.244,,,,,,,,,,,,,
"December 16, 2023",7.9,141.318,1560.655,36.66,0.587,0.963,26.478,0.799,,,,,,,,,,,,,
"December 17, 2023",6.2,131.363,1299.92,52.887,0.581,0.108,10.075,0.107,,,,,,,,,,,,,
"December 18, 2023",6,44.623,1437.234,54.014,0.991,0.478,13.141,0.781,,,,,,,,,,,,,
"December 19, 2023",26.4,150.533,776.079,28.48,0.757,0.586,88.183,0.91,,,,,,,,,,,,,
"December 20, 2023",22.6,55.91,1107.713,46.294,0.442,0.541,29.388,0.383,,,,,,,,,,,,,
"December 21, 2023",16.9,55.811,610.265,38.891,0.707,0.086,63.065,0.631,,,,,,,,,,,,,
"December 22, 2023",7.4,105.916,871.347,55.206,0.389,0.057,77.128,0.43,,,,,,,,,,,,,
"December 23, 2023",17.3,114.87,1399.108,28.63,0.229,0.105,54.053,0.438,,,,,,,,,,,,,
"December 24, 2023",16.8,112.814,1690.991,47.113,0.597,0.586,22.252,0.31,,,,,,,,,,,,,
"December 25, 2023",9.3,34.638,709.096,44.31,0.928,0.544,68.249,0.762,,,,,,,,,,,,,
"December 26, 2023",15.8,160.394,1041.644,31.812,0.929,0.234,58.02,0.936,,,,,,,,,,,,,
"December 27, 2023",15,62.496,1480.078,25.464,0.342,0.638,68.5,0.941,,,,,,,,,,,,,
"December 28, 2023",20.4,40.722,824.439,46.066,0.528,0.82,71.58,0.175,,,,,,,,,,,,,
"December 29, 2023",20.9,162.2,1210.593,49.544,0.212,0.042,88.033,0.875,,,,,,,,,,,,,
"December 30, 2023",6.1,172.904,1406.378,32.625,0.996,0.498,55.885,0.737,,,,,,,,,,,,,
"December 31, 2023",14.4,157.94,1277.584,45.793,0.981,0.689,37.331,0.253,,,,,,,,,,,,,
"January 01, 2024",20.6,149.523,806.827,35.805,0.65,0.252,61.877,0.067,,,,,,,,,,,,,
"January 02, 2024",17.6,124.839,990.923,48.528,0.804,0.308,15.475,0.268,,,,,,,,,,,,,
"January 03, 2024",26.4,108.137,1462.171,27.969,0.715,0.614,81.792,0.912,,,,,,,,,,,,,
"January 04, 2024",21.5,33.918,1209.649,55.609,0.593,0.898,19.55,0.633,,,,,,,,,,,,,
"January 05, 2024",9.1,85.353,605.753,31.496,0.053,0.81,36.227,0.721,,,,,,,,,,,,,
"January 06, 2024",6.8,79.63,1437.09,34.711,0.455,0.583,75.26,0.257,,,,,,,,,,,,,
"January 07, 2024",21.1,61.561,638.842,22.324,0.675,0.73,57.785,0.719,,,,,,,,,,,,,
"January 08, 2024",5.7,135.747,1420.307,24.46,0.678,0.365,41.491,0.028,,,,,,,,,,,,,
"January 09, 2024",19.6,99.34,822.729,40.634,0.373,0.641,47.875,0.375,,,,,,,,,,,,,
"January 10, 2024",28.5,32.967,1653.881,30.704,0.942,0.466,78.364,0.627,,,,,,,,,,,,,
"January 11, 2024",19.4,55.229,1004.735,53.419,0.167,0.19,37.2,0.146,,,,,,,,,,,,,
"January 12, 2024",14.7,129.321,959.625,20.588,0.5,0.702,79.572,0.823,,,,,,,,,,,,,
"January 13, 2024",21.1,32.181,763.777,35.164,0.691,0.556,17.051,0.235,,,,,,,,,,,,,
"January 14, 2024",16.5,156.193,936.165,33.494,0.697,0.359,72.144,0.652,,,,,,,,,,,,,
"January 15, 2024",18.6,99.223,1564.316,20.773,0.649,0.911,77.804,0.405,,,,,,,,,,,,,
"January 16, 2024",28.5,96.894,1695.968,24.975,0.275,0.021,24.545,0.596,,,,,,,,,,,,,
"January 17, 2024",14.7,114.785,1005.14,36.546,0.156,0.316,44.428,0.107,,,,,,,,,,,,,
"January 18, 2024",29,151.949,1093.472,39.715,0.636,0.057,23.24,0.017,,,,,,,,,,,,,
"January 19, 2024",27.6,75.649,1394.278,36.172,0.599,0.767,66.528,0.91,,,,,,,,,,,,,
"January 20, 2024",9.9,128.483,1574.815,41.238,0.179,0.702,52.828,0.27,,,,,,,,,,,,,
"January 21, 2024",6.7,110.517,1252.349,43.805,0.705,0.331,60.826,0.82,,,,,,,,,,,,,
"January 22, 2024",7.5,62.725,1030.678,20.397,0.455,0.676,25.719,0.999,,,,,,,,,,,,,
"January 23, 2024",5.5,160.581,1053.884,38.564,0.668,0.396,26.94,0.211,,,,,,,,,,,,,
"January 24, 2024",7.4,147.588,1365.18,58.54,0.837,0.756,13.32,0.265,,,,,,,,,,,,,
"January 25, 2024",22.1,125.352,603.54,40.761,0.17,0.454,35.765,0.663,,,,,,,,,,,,,
"January 26, 2024",6.8,156.093,1281.548,47.102,0.019,0.412,54.78,0.965,,,,,,,,,,,,,
"January 27, 2024",13,158.767,991.042,32.475,0.779,0.935,78.635,0.916,,,,,,,,,,,,,
"January 28, 2024",26.1,133.338,1473.617,50.96,0.61,0.251,63.354,0.503,,,,,,,,,,,,,
"January 29, 2024",5.6,153.922,702.29,50.917,0.7,0.12,44.832,0.795,,,,,,,,,,,,,
"January 30, 2024",25.4,131.595,1247.022,40.852,0.838,0.585,86.25,0.136,,,,,,,,,,,,,
"January 31, 2024",12,128.823,1129.07,59.041,0.803,0.969,67.54,0.977,,,,,,,,,,,,,
"February 01, 2024",8,118.978,1306.558,25.022,0.961,0.378,84.413,0.964,,,,,,,,,,,,,
"February 02, 2024",22.4,140.435,671.339,20.678,0.536,0.062,52.207,0.164,,,,,,,,,,,,,
"February 03, 2024",20.7,45.377,1237.982,50.806,0.488,0.339,30.712,0.299,,,,,,,,,,,,,
"February 04, 2024",26.9,160.939,1217.633,52.286,0.402,0.506,14.226,0.1,,,,,,,,,,,,,
"February 05, 2024",23.4,159.495,1216.726,24.808,0.154,0.162,68.087,0.272,,,,,,,,,,,,,
"February 06, 2024",25.1,24.68,1263.836,30.623,0.573,0.658,19.704,0.816,,,,,,,,,,,,,
"February 07, 2024",12.1,152.131,1344.115,20.702,0.277,0.998,34.222,0.378,,,,,,,,,,,,,
"February 08, 2024",9.4,40.619,1485.488,31.732,0.921,0.452,52.598,0.088,,,,,,,,,,,,,
"February 09, 2024",23.8,73.619,896.803,50.926,0.583,0.355,55.153,0.342,,,,,,,,,,,,,
"February 10, 2024",25.2,138.961,1507.554,40.718,0.593,0.401,58.047,0.981,,,,,,,,,,,,,
"February 11, 2024",29.8,45.722,1148.081,33.924,0.355,0.115,23.3,0.63,,,,,,,,,,,,,
"February 12, 2024",15.3,150.875,684.764,34.87,0.052,0.883,40.379,0.416,,,,,,,,,,,,,
"February 13, 2024",14.3,153.141,664.406,20.054,0.032,0.415,59.376,0.167,,,,,,,,,,,,,
"February 14, 2024",24.4,101.195,967.662,31.992,0.423,0.387,87.586,0.986,,,,,,,,,,,,,
"February 15, 2024",13.5,21.022,1463.387,45.858,0.085,0.66,68.21,0.821,,,,,,,,,,,,,
"February 16, 2024",28.3,65.926,1378.449,58.968,0.607,0.442,83.808,0.281,,,,,,,,,,,,,
"February 17, 2024",26.5,118.708,1467.476,53.882,0.881,0.648,70.977,0.07,,,,,,,,,,,,,
"February 18, 2024",15.7,176.99,1168.996,20.944,0.883,0.061,57.337,0.057,,,,,,,,,,,,,
"February 19, 2024",23.8,121.09,1084.219,55.942,0.659,0.814,25.362,0.12,,,,,,,,,,,,,
"February 20, 2024",23.9,61.569,762.198,51.328,0.211,0.941,63.335,0.581,,,,,,,,,,,,,
"February 21, 2024",7.6,121.441,961.012,51.215,0.863,0.649,59.87,0.929,,,,,,,,,,,,,
"February 22, 2024",27.6,106.398,1077.421,38.32,0.886,0.955,58.198,0.497,,,,,,,,,,,,,
"February 23, 2024",17.6,144.775,697.46,35.92,0.197,0.151,49.183,0.843,,,,,,,,,,,,,
"February 24, 2024",25.7,37.117,842.673,32.117,0.737,0.477,52.293,0.446,,,,,,,,,,,,,
"February 25, 2024",13,141.764,1258.048,22.628,0.287,0.602,36.755,0.709,,,,,,,,,,,,,
"February 26, 2024",27.4,106.603,1409.229,29.129,0.803,0.582,51.545,0.732,,,,,,,,,,,,,
"February 27, 2024",14.7,174.079,1698.182,29.864,0.997,0.401,25.804,0.174,,,,,,,,,,,,,
"February 28, 2024",5.3,74.7,1626.425,39.363,0.03,0.338,74.414,0.361,,,,,,,,,,,,,
"February 29, 2024",27.6,121.22,1306.822,49.898,0.897,0.127,24.862,0.637,,,,,,,,,,,,,
"March 01, 2024",7.3,169.124,1063.373,38.952,0.623,0.392,16.797,0.071,,,,,,,,,,,,,
"March 02, 2024",13,36.402,1299.795,22.314,0.973,0.163,44.9,0.362,,,,,,,,,,,,,
"March 03, 2024",28.8,169.957,1464.217,58.312,0.465,0.734,62.665,0.535,,,,,,,,,,,,,
"March 04, 2024",28.8,130.062,730.17,57.709,0.847,0.209,45.017,0.996,,,,,,,,,,,,,
"March 05, 2024",19.3,30.854,1050.895,51.408,0.062,0.059,32.14,0.475,,,,,,,,,,,,,
"March 06, 2024",20.8,68.154,1523.783,59.653,0.335,0.552,54.654,0.816,,,,,,,,,,,,,
"March 07, 2024",16.2,133.308,1022.216,41.779,0.067,0.595,37.76,0.432,,,,,,,,,,,,,
"March 08, 2024",12.3,30.776,1229.059,58.511,0.975,0.872,84.629,0.796,,,,,,,,,,,,,
"March 09, 2024",13.2,113.147,1246.546,23.024,0.817,0.577,83.812,0.595,,,,,,,,,,,,,
"March 10, 2024",21.8,75.341,802.924,34.627,0.853,0.345,50.19,0.887,,,,,,,,,,,,,
"March 11, 2024",23.8,119.346,998.459,29.015,0.938,0.803,36.231,0.411,,,,,,,,,,,,,
"March 12, 2024",24.8,27.319,967.962,27.833,0.085,0.54,68.971,0.604,,,,,,,,,,,,,
"March 13, 2024",24.7,159.446,628.816,25.632,0.386,0.079,12.937,0.63,,,,,,,,,,,,,
"March 14, 2024",7.3,175.758,626.611,44.897,0.071,0.566,47.982,0.417,,,,,,,,,,,,,
"March 15, 2024",17.4,175.02,1514.867,51.253,0.211,0.908,36.906,0.144,,,,,,,,,,,,,
"March 16, 2024",6.4,139.944,900.378,43.132,0.229,0.396,83.643,0.094,,,,,,,,,,,,,
"March 17, 2024",18.7,40.814,1169.887,25.879,0.469,0.296,10.96,0.017,,,,,,,,,,,,,
"March 18, 2024",16,141.322,928.598,52.445,0.269,0.143,54.225,0.874,,,,,,,,,,,,,
"March 19, 2024",27.2,23.934,1634.747,45.438,0.101,0.151,69.253,0.236,,,,,,,,,,,,,
"March 20, 2024",13.8,23.54,885.226,35.527,0.167,0.433,48.801,0.212,,,,,,,,,,,,,
"March 21, 2024",7.9,71.778,1072.622,46.965,0.147,0.596,16.832,0.736,,,,,,,,,,,,,
"March 22, 2024",8.6,98.183,1560.003,30.396,0.973,0.081,87.797,0.32,,,,,,,,,,,,,
"March 23, 2024",24,143.265,1526.127,33.808,0.759,0.94,51.441,0.506,,,,,,,,,,,,,
"March 24, 2024",20.5,129.327,804.712,56.699,0.968,0.755,59.135,0.163,,,,,,,,,,,,,
"March 25, 2024",7.5,91.344,1482.908,31.62,0.44,0.587,28.929,0.96,,,,,,,,,,,,,
"March 26, 2024",7.1,63.78,1104.006,38.8,0.278,0.828,48.68,0.852,,,,,,,,,,,,,
"March 27, 2024",22.5,179.54,1131.266,55.606,0.798,0.08,44.332,0.864,,,,,,,,,,,,,
"March 28, 2024",6.8,88.189,746.828,48.309,0.326,0.477,15.992,0.407,,,,,,,,,,,,,
"March 29, 2024",25.5,92.222,688.662,22.488,0.299,0.63,18.493,0.762,,,,,,,,,,,,,
"March 30, 2024",22.7,46.18,1400.733,25.892,0.233,0.829,76.998,0.144,,,,,,,,,,,,,
"March 31, 2024",7,147.17,1146.107,20.314,0.13,0.783,29.186,0.009,,,,,,,,,,,,,
"April 01, 2024",7.1,130.989,1080.536,45.237,0.256,0.277,25.597,0.02,,,,,,,,,,,,,
"April 02, 2024",29.7,55.323,1402.459,37.907,0.355,0.941,50.393,0.587,,,,,,,,,,,,,
"April 03, 2024",14.4,33.181,1442.064,25.371,0.674,0.124,71.5,0.455,,,,,,,,,,,,,
"April 04, 2024",14.3,128.88,774.799,58.317,0.063,0.875,14.956,0.518,,,,,,,,,,,,,
"April 05, 2024",25.3,124.722,1271.248,41.186,0.211,0.971,56.145,0.007,,,,,,,,,,,,,
"April 06, 2024",28.7,63.722,748.889,29.676,0.809,0.177,19.537,0.423,,,,,,,,,,,,,
"April 07, 2024",29.7,172.138,1426.513,40.024,0.147,0.722,12.917,0.718,,,,,,,,,,,,,
"April 08, 2024",23.8,44.169,1322.651,47.185,0.343,0.04,14.22,0.443,,,,,,,,,,,,,
"April 09, 2024",14.4,89.174,1652.276,23.05,0.865,0.405,76.733,0.732,,,,,,,,,,,,,
"April 10, 2024",7.1,170.979,675.854,30.988,0.155,0.516,19.438,0.233,,,,,,,,,,,,,
"April 11, 2024",24.4,87.156,662.76,52.279,0.083,0.581,13.612,0.813,,,,,,,,,,,,,
"April 12, 2024",19,122.164,910.406,38.387,0.485,0.936,45.032,0.588,,,,,,,,,,,,,
"April 13, 2024",15.6,83.615,887.876,41.863,0.302,0.672,77.519,0.211,,,,,,,,,,,,,
"April 14, 2024",27.7,63.874,871.677,37.313,0.563,0.481,30.993,0.237,,,,,,,,,,,,,
"April 15, 2024",7.8,177.436,1596.88,21.756,0.804,0.81,43.737,0.628,,,,,,,,,,,,,
"April 16, 2024",17.3,85.493,874.501,26.63,0.137,0.951,13.194,0.83,,,,,,,,,,,,,
"April 17, 2024",5.3,163.056,899.145,37.822,0.581,0.022,45.926,0.416,,,,,,,,,,,,,
"April 18, 2024",16.7,56.793,1435.338,28.367,0.506,0.983,56.209,0.258,,,,,,,,,,,,,
"April 19, 2024",6.4,54.097,1094.714,21.999,0.144,0.086,55.673,0.867,,,,,,,,,,,,,
"April 20, 2024",8,24.981,1454.382,53.746,0.624,0.814,36.594,0.669,,,,,,,,,,,,,
"April 21, 2024",7.9,124.267,671.903,59.248,0.274,0.28,35.243,0.448,,,,,,,,,,,,,
"April 22, 2024",21.2,78.964,1136.328,51.726,0.488,0.132,18.53,0.488,,,,,,,,,,,,,
"April 23, 2024",23.7,158.297,636.975,54.151,0.082,0.44,39.344,0.204,,,,,,,,,,,,,
"April 24, 2024",19.6,95.714,668.919,29.679,0.46,0.644,17.96,0.627,,,,,,,,,,,,,
"April 25, 2024",29.1,174.911,1597.081,58.425,0.306,0.381,71.328,0.359,,,,,,,,,,,,,
"April 26, 2024",14.4,49.684,753.17,27.877,0.822,0.055,87.302,0.996,,,,,,,,,,,,,
"April 27, 2024",12.1,158.98,1185.663,58.057,0.057,0.599,87.606,0.48,,,,,,,,,,,,,
"April 28, 2024",26.7,144.255,1052.205,59.793,0.419,0.902,79.206,0.486,,,,,,,,,,,,,
"April 29, 2024",10.6,143.347,982.078,48.469,0.458,0.383,58.063,0.566,,,,,,,,,,,,,
"April 30, 2024",29.1,155.165,1589.817,59.246,0.725,0.216,66.069,0.917,,,,,,,,,,,,,
"May 01, 2024",5.3,141.764,624.006,42.782,0.574,0.443,32.816,0.801,,,,,,,,,,,,,
"May 02, 2024",29.2,120.195,1330.169,30.382,0.667,0.048,60.462,0.451,,,,,,,,,,,,,
"May 03, 2024",6.1,40.999,1659.734,37.48,0.777,0.82,46.452,0.719,,,,,,,,,,,,,
"May 04, 2024",27.3,25.204,1216.185,43.742,0.862,0.826,48.561,0.586,,,,,,,,,,,,,
"May 05, 2024",18.2,167.336,1630.505,22.923,0.314,0.588,70.622,0.492,,,,,,,,,,,,,
"May 06, 2024",29.8,118.664,657.484,44.894,0.538,0.353,32.553,0.192,,,,,,,,,,,,,
"May 07, 2024",6.8,147.446,1060.673,59.247,0.84,0.8,35.443,0.464,,,,,,,,,,,,,
"May 08, 2024",18.8,97.044,886.174,27.604,0.989,0.555,83.971,0.246,,,,,,,,,,,,,
"May 09, 2024",29.2,38.769,1403.903,51.704,0.89,0.826,14.498,0.915,,,,,,,,,,,,,
"May 10, 2024",18.1,40.03,1679.427,56.316,0.371,0.631,48.851,0.335,,,,,,,,,,,,,
"May 11, 2024",20.7,129.69,882.183,57.748,0.195,0.784,83.024,0.952,,,,,,,,,,,,,
"May 12, 2024",22.4,88.849,1319.592,58.405,0.489,0.599,58.829,0.533,,,,,,,,,,,,,
"May 13, 2024",16.4,52.084,817.907,40.858,0.742,0.414,53.713,0.632,,,,,,,,,,,,,
"May 14, 2024",20.7,98.655,1221.863,59.092,0.493,0.958,29.98,0.543,,,,,,,,,,,,,
"May 15, 2024",19.6,30.273,1110.326,50.292,0.483,0.541,37.462,0.129,,,,,,,,,,,,,
"May 16, 2024",27.5,113.115,1669.206,26.467,0.838,0.605,78.164,0.376,,,,,,,,,,,,,
"May 17, 2024",6.1,63.039,1269.38,39.076,0.361,0.22,54.737,0.099,,,,,,,,,,,,,
"May 18, 2024",12,147.609,984.457,48.733,0.86,0.626,51.179,0.623,,,,,,,,,,,,,
"May 19, 2024",28.8,69.658,725.505,29.894,0.407,0.572,17.966,0.447,,,,,,,,,,,,,
"May 20, 2024",27.3,92.835,766.372,45.625,0.328,0.185,11.282,0.778,,,,,,,,,,,,,
"May 21, 2024",16.4,21.859,847.849,46.664,0.454,0.06,87.095,0.22,,,,,,,,,,,,,
"May 22, 2024",20.5,31.592,876.063,26.508,0.762,0.604,40.159,0.165,,,,,,,,,,,,,
"May 23, 2024",11.9,82.799,1535.678,42.603,0.126,0.764,58.257,0.406,,,,,,,,,,,,,
"May 24, 2024",9.7,96.79,1217.345,50.865,0.196,0.523,16.377,0.927,,,,,,,,,,,,,
"May 25, 2024",16.6,116.003,1175.73,39.956,0.951,0.227,64.649,0.71,,,,,,,,,,,,,
"May 26, 2024",13.8,66.666,726.246,20.484,0.175,0.667,84.605,0.419,,,,,,,,,,,,,
"May 27, 2024",19.6,131.197,1546.154,20.362,0.568,0.08,56.053,0.517,,,,,,,,,,,,,
"May 28, 2024",6.9,157.62,1395.096,34.281,0.579,0.442,20.089,0.084,,,,,,,,,,,,,
"May 29, 2024",29.4,144.776,674.435,57.048,0.49,0.163,56.538,0.985,,,,,,,,,,,,,
"May 30, 2024",29.7,26.339,1378.619,29.147,0.645,0.184,71.308,0.666,,,,,,,,,,,,,
"May 31, 2024",22.5,96.881,1197.892,45.375,0.23,0.202,42.513,0.285,,,,,,,,,,,,,
"June 01, 2024",18.4,36.789,689.898,28.883,0.553,0.387,80.387,0.586,,,,,,,,,,,,,
"June 02, 2024",12.7,58.727,1104.131,32.867,0.372,0.051,61.895,0.109,,,,,,,,,,,,,
"June 03, 2024",25.3,177.866,1133.166,53.922,0.662,0.398,81.94,0.966,,,,,,,,,,,,,
"June 04, 2024",22.1,42.799,782.352,49.154,0.141,0.512,59.88,0.175,,,,,,,,,,,,,
"June 05, 2024",9.1,99.822,1640.268,23.816,0.571,0.483,20.503,0.648,,,,,,,,,,,,,
"June 06, 2024",27.8,118.905,1534.973,37.148,0.185,0.383,34.775,0.245,,,,,,,,,,,,,
"June 07, 2024",25.6,132.394,1335.925,21.167,0.279,0.839,26.144,0.718,,,,,,,,,,,,,
"June 08, 2024",28.7,109.544,1108.525,39.236,0.219,0.145,82.706,0.777,,,,,,,,,,,,,
"June 09, 2024",23.1,21.563,1052.942,46.497,0.183,0.506,70.832,0.673,,,,,,,,,,,,,
"June 10, 2024",20.3,72.234,1316.071,24.74,0.826,0.062,64.112,0.614,,,,,,,,,,,,,
"June 11, 2024",15.5,102.834,1199.975,31.555,0.286,0.071,34.077,0.892,,,,,,,,,,,,,
"June 12, 2024",28.3,34.059,668.5,35.913,0.927,0.574,24.724,0.079,,,,,,,,,,,,,
"June 13, 2024",26.7,76.1,1163.753,56.781,0.97,0.566,70.516,0.331,,,,,,,,,,,,,
"June 14, 2024",6.1,25.312,1487.044,59.73,0.571,0.878,47.933,0.248,,,,,,,,,,,,,
"June 15, 2024",5.7,32.573,1105.164,21.796,0.143,0.558,28.063,0.988,,,,,,,,,,,,,
"June 16, 2024",14.4,83.508,657.152,50.44,0.375,0.96,59.33,0.389,,,,,,,,,,,,,
"June 17, 2024",25.3,41.235,1464.906,34.869,0.798,0.049,13.227,0.733,,,,,,,,,,,,,
"June 18, 2024",29.7,110.807,821.5,35.698,0.367,0.098,36.094,0.685,,,,,,,,,,,,,
"June 19, 2024",8.8,130.314,884.483,50.171,0.087,0.044,47.485,0.212,,,,,,,,,,,,,
"June 20, 2024",19.9,148.094,781.177,56.737,0.557,0.185,21.837,0.239,,,,,,,,,,,,,
"June 21, 2024",14.5,52.024,963.237,58.037,0.845,0.541,88.772,0.281,,,,,,,,,,,,,
"June 22, 2024",29.2,46.797,1432.427,43.085,0.796,0.646,26.728,0.411,,,,,,,,,,,,,
"June 23, 2024",26.1,36.731,1171.324,34.285,0.175,0.046,20.428,0.234,,,,,,,,,,,,,
"June 24, 2024",26,121.829,825.369,51.502,0.673,0.946,26.283,0.02,,,,,,,,,,,,,
"June 25, 2024",16.7,133.036,1565.613,30.04,0.221,0.842,71.525,0.879,,,,,,,,,,,,,
"June 26, 2024",15.4,25.054,1567.54,42.563,0.218,0.297,44.04,0.966,,,,,,,,,,,,,
"June 27, 2024",11.8,169.794,1557.636,34.343,0.874,0.077,55.233,0.342,,,,,,,,,,,,,
"June 28, 2024",6.4,28.315,862.676,46.265,0.25,0.17,11.681,0.339,,,,,,,,,,,,,
"June 29, 2024",26.6,106.607,1096.363,29.616,0.263,0.127,12.755,0.007,,,,,,,,,,,,,
"June 30, 2024",25.3,133.45,1683.489,27.664,0.001,0.123,45.666,0.68,,,,,,,,,,,,,
"July 01, 2024",30,159.355,1449.214,56.73,0.871,0.519,75.332,0.825,,,,,,,,,,,,,
"July 02, 2024",29.9,134.254,629.884,24.072,0.793,0.246,80.819,0.147,,,,,,,,,,,,,
"July 03, 2024",18.9,148.276,671.725,40.238,0.627,0.358,16.937,0.16,,,,,,,,,,,,,
"July 04, 2024",24.2,74.312,1110.325,28.834,0.75,0.99,53.069,0.79,,,,,,,,,,,,,
"July 05, 2024",28.6,150.372,1600.142,21.557,0.152,0.684,83.058,0.616,,,,,,,,,,,,,
"July 06, 2024",26.2,32.818,1192.572,21.441,0.458,0.949,41.038,0.045,,,,,,,,,,,,,
"July 07, 2024",11.2,163.171,1147.594,27.009,0.351,0.143,76.365,0.623,,,,,,,,,,,,,
"July 08, 2024",16.3,107.615,716.021,54.671,0.094,0.382,20.696,0.309,,,,,,,,,,,,,
"July 09, 2024",8.2,150.768,1322.458,31.299,0.486,0.555,84.832,0.369,,,,,,,,,,,,,
"July 10, 2024",28.9,92.371,1504.313,58.018,0.921,0.077,70.114,0.77,,,,,,,,,,,,,
"July 11, 2024",20.2,122.972,1018.462,43.265,0.04,0.004,85.307,0.811,,,,,,,,,,,,,
"July 12, 2024",10.7,104.224,1453.173,37.465,0.291,0.67,64.129,0.4,,,,,,,,,,,,,
"July 13, 2024",21.8,137.054,1660.924,43.204,0.208,0.642,39.072,0.947,,,,,,,,,,,,,
"July 14, 2024",20.5,33.061,824.143,40.668,0.238,0.411,85.054,0.406,,,,,,,,,,,,,
"July 15, 2024",14,29.656,1175.663,50.351,0.908,0.49,32.045,0.772,,,,,,,,,,,,,
"July 16, 2024",7.8,59.537,915.852,31.3,0.468,0.415,36.574,0.484,,,,,,,,,,,,,
"July 17, 2024",21.8,45.527,1472.14,34.122,0.466,0.024,66.065,0.898,,,,,,,,,,,,,
"July 18, 2024",18,159.485,1235.353,55.764,0.761,0.335,71.225,0.908,,,,,,,,,,,,,
"July 19, 2024",24.3,55.074,1298.041,57.858,0.154,0.177,84.352,0.087,,,,,,,,,,,,,
"July 20, 2024",18,176.138,1477.706,55.702,0.487,0.098,26.384,0.936,,,,,,,,,,,,,
"July 21, 2024",26.3,73.903,1035.568,36.778,0.43,0.957,73.84,0.826,,,,,,,,,,,,,
"July 22, 2024",18.8,49.139,1606.599,51.215,0.597,0.599,69.084,0.791,,,,,,,,,,,,,
"July 23, 2024",19,146.352,1186.332,39.053,1,0.729,15.104,0.201,,,,,,,,,,,,,
"July 24, 2024",26.9,125.393,773.75,39.902,0.769,0.315,40.978,0.805,,,,,,,,,,,,,
"July 25, 2024",15.1,99.711,1365.489,28.187,0.398,0.393,32.621,0.85,,,,,,,,,,,,,
"July 26, 2024",8.4,108.858,1472.587,43.645,0.828,0.237,34.359,0.289,,,,,,,,,,,,,
"July 27, 2024",5.7,135.072,948.438,27.445,0.171,0.097,88.636,0.952,,,,,,,,,,,,,
"July 28, 2024",23.9,56.553,1542.897,33.263,0.03,0.179,61.422,0.05,,,,,,,,,,,,,
"July 29, 2024",20.5,179.413,1596.758,54.201,0.204,0.798,67.414,0.15,,,,,,,,,,,,,
"July 30, 2024",22.6,175.967,904.595,28.283,0.34,0.678,88.129,0.538,,,,,,,,,,,,,
"July 31, 2024",10.3,124.052,1681.874,22.846,0.511,0.547,40.176,0.576,,,,,,,,,,,,,
"August 01, 2024",8.4,51.927,754.783,22.76,0.615,0.475,74.147,0.645,,,,,,,,,,,,,
"August 02, 2024",5.4,128.837,822.217,57.631,0.911,0.922,44.762,0.017,,,,,,,,,,,,,
"August 03, 2024",13.8,31.552,802.647,40.277,0.51,0.073,79.563,0.96,,,,,,,,,,,,,
"August 04, 2024",19.7,24.904,1583.389,36.376,0.501,0.281,24.453,0.045,,,,,,,,,,,,,
"August 05, 2024",14.8,61.229,1319.722,52.435,0.05,0.35,85.815,0.143,,,,,,,,,,,,,
"August 06, 2024",15.9,94.02,767.315,53.433,0.035,0.782,27.502,0.014,,,,,,,,,,,,,
"August 07, 2024",27.6,158.924,1084.356,33.288,0.551,0.993,36.098,0.567,,,,,,,,,,,,,
"August 08, 2024",13.7,136.347,1276.828,47.745,0.438,0.241,70.495,0.932,,,,,,,,,,,,,
"August 09, 2024",17.8,138.833,691.81,50.845,0.839,0.874,41.5,0.666,,,,,,,,,,,,,
"August 10, 2024",24.6,88.079,1570.658,46.186,0.161,0.831,58.657,0.823,,,,,,,,,,,,,
"August 11, 2024",14.9,75.35,1483.964,26.064,0.025,0.225,45.566,0.013,,,,,,,,,,,,,
"August 12, 2024",20.6,79.366,1155.727,55.035,0.449,0.399,69.39,0.542,,,,,,,,,,,,,
"August 13, 2024",26.6,178.024,1663.839,41.564,0.237,0.41,28.267,0.46,,,,,,,,,,,,,
"August 14, 2024",28.7,26.417,1059.537,31.299,0.05,0.978,14.677,0.499,,,,,,,,,,,,,
"August 15, 2024",8.7,158.725,1682.521,37.009,0.725,0.181,33.994,0.072,,,,,,,,,,,,,
"August 16, 2024",28.2,112.588,1334.712,21.503,0.112,0.799,47.945,0.684,,,,,,,,,,,,,
"August 17, 2024",17.3,90.178,1298.138,25.115,0.608,0.334,23.442,0.503,,,,,,,,,,,,,
"August 18, 2024",11.5,136.041,782.55,50.622,0.281,0.731,38.384,0.765,,,,,,,,,,,,,
"August 19, 2024",16.5,97.867,1570.121,20,0.173,0.42,41.999,0.485,,,,,,,,,,,,,
"August 20, 2024",29.5,159.748,1070.239,36.663,0.38,0.578,14.591,0.149,,,,,,,,,,,,,
"August 21, 2024",17.3,164.112,778.457,40.9,0.801,0.833,56.665,0.648,,,,,,,,,,,,,
"August 22, 2024",13.2,87.475,613.868,22.185,0.392,0.804,80.747,0.172,,,,,,,,,,,,,
"August 23, 2024",20.8,64.292,1215.731,58.923,0.751,0.866,22.139,0.872,,,,,,,,,,,,,
"August 24, 2024",11,114.776,1180.14,29.045,0.125,0.06,57.825,0.613,,,,,,,,,,,,,
"August 25, 2024",6.9,165.978,1391.289,32.168,0.773,0.692,63.179,0.157,,,,,,,,,,,,,
"August 26, 2024",8.2,53.706,1579.284,32.158,0.237,0.14,43.547,0.962,,,,,,,,,,,,,
"August 27, 2024",8.2,119.675,687.347,29.217,0.677,0.416,66.088,0.518,,,,,,,,,,,,,
"August 28, 2024",8.8,121.05,1404.646,20.059,0.566,0.549,42.859,0.073,,,,,,,,,,,,,
"August 29, 2024",8.5,137.298,806.153,49.174,0.929,0.403,50.371,0.627,,,,,,,,,,,,,
"August 30, 2024",21,41.051,1543.995,58.674,0.387,0.52,10.588,0.253,,,,,,,,,,,,,
"August 31, 2024",9.5,134.532,1500.97,28.972,0.066,0.997,65.338,0.804,,,,,,,,,,,,,
"September 01, 2024",13.6,165.445,1194.873,46.522,0.019,0.135,62.907,0.818,,,,,,,,,,,,,
"September 02, 2024",27.4,48.749,1381.267,49.676,0.827,0.675,13.072,0.979,,,,,,,,,,,,,
"September 03, 2024",16.8,58.007,945.785,53.937,0.525,0.396,39.46,0.502,,,,,,,,,,,,,
"September 04, 2024",21.7,175.423,1118.285,36.905,0.775,0.133,88.323,0.455,,,,,,,,,,,,,
"September 05, 2024",9.3,48.956,1503.801,32.117,0.234,0.159,43.659,0.753,,,,,,,,,,,,,
"September 06, 2024",9.8,156.702,1105.192,33.012,0.345,0.949,50.156,0.132,,,,,,,,,,,,,
"September 07, 2024",6,98.764,993.578,48.505,0.03,0.88,82.794,0.547,,,,,,,,,,,,,
"September 08, 2024",9.2,59.557,1143.634,52.671,0.961,0.907,67.381,0.546,,,,,,,,,,,,,
"September 09, 2024",12,159.32,1511.074,27.265,0.668,0.992,56.566,0.089,,,,,,,,,,,,,
"September 10, 2024",9.4,91.249,968.729,34.838,0.933,0.208,73.824,0.418,,,,,,,,,,,,,
"September 11, 2024",7.2,102.371,791.138,56.078,0.265,0.355,79.149,0.853,,,,,,,,,,,,,
"September 12, 2024",8,77.477,1383.215,52.268,0.611,0.669,46.551,0.856,,,,,,,,,,,,,
"September 13, 2024",16.5,114.872,1508.576,59.394,0.678,0.484,48.009,0.099,,,,,,,,,,,,,
"September 14, 2024",10.2,46.164,710.701,50.17,0.318,0.418,40.884,0.091,,,,,,,,,,,,,
"September 15, 2024",14.1,82.573,863.862,35.728,0.848,0.358,87.336,0.263,,,,,,,,,,,,,
"September 16, 2024",17.6,175.106,756.169,43.626,0.947,0.594,65.773,0.875,,,,,,,,,,,,,
"September 17, 2024",22.3,61.301,982.736,46.441,0.885,0.576,16.658,0.129,,,,,,,,,,,,,
"September 18, 2024",6,125.078,1095.386,23.138,0.739,0.161,79.037,0.72,,,,,,,,,,,,,
"September 19, 2024",25,72.03,1423.709,41.78,0.277,0.472,48.445,0.101,,,,,,,,,,,,,
"September 20, 2024",20.7,143.756,1316.262,48.373,0.282,0.553,15.5,0.623,,,,,,,,,,,,,
"September 21, 2024",7,40.94,1283.021,26.693,0.963,0.57,53.977,0.356,,,,,,,,,,,,,
"September 22, 2024",26.8,175.171,987.612,51.225,0.01,0.21,43.373,0.789,,,,,,,,,,,,,
"September 23, 2024",28,92.606,1525.592,43.351,0.716,0.742,80.22,0.234,,,,,,,,,,,,,
"September 24, 2024",6.5,57.768,1118.416,58.089,0.706,0.025,26.32,0.639,,,,,,,,,,,,,
"September 25, 2024",11.9,31.759,1677.015,21.697,0.623,0.355,76.117,0.236,,,,,,,,,,,,,
"September 26, 2024",25.2,47.161,1297.556,30.613,0.99,0.78,54.615,0.714,,,,,,,,,,,,,
"September 27, 2024",23.7,103.164,738.891,44.062,0.312,0.564,14.369,0.874,,,,,,,,,,,,,
"September 28, 2024",9.6,73.921,1343.795,31.862,0.34,0.261,87.748,0.127,,,,,,,,,,,,,
"September 29, 2024",10.2,152.621,957.614,48.577,0.079,0.695,51.009,0.867,,,,,,,,,,,,,
"September 30, 2024",14.3,88.942,1354.96,50.36,0.443,0.567,33.27,0.594,,,,,,,,,,,,,
"October 01, 2024",17.1,59.794,676.605,24.101,0.261,0.796,47.553,0.127,,,,,,,,,,,,,
"October 02, 2024",20.5,118.743,792.37,40.554,0.343,0.735,78.629,0.428,,,,,,,,,,,,,
"October 03, 2024",14.2,133.084,1541.311,40.356,0.835,0.61,34.392,0.161,,,,,,,,,,,,,
"October 04, 2024",16.6,46.727,849.898,34.771,0.935,0.488,25.414,0.7,,,,,,,,,,,,,
"October 05, 2024",23.7,46.819,1520.745,57.317,0.186,0.133,20.326,0.759,,,,,,,,,,,,,
"October 06, 2024",5.9,25.867,907.204,53.1,0.373,0.261,33.829,0.106,,,,,,,,,,,,,
"October 07, 2024",11.3,137.824,1307.17,47.888,0.929,0.419,72.404,0.506,,,,,,,,,,,,,
"October 08, 2024",22.8,126.209,1363.566,48.573,0.062,0.599,47.73,0.815,,,,,,,,,,,,,
"October 09, 2024",27.4,95.941,1163.92,38.469,0.092,0.514,28.199,0.936,,,,,,,,,,,,,
"October 10, 2024",17.8,155.067,935.842,56.84,0.163,0.288,23.295,0.514,,,,,,,,,,,,,
"October 11, 2024",18.3,148.907,833.909,47.784,0.595,0.006,36.618,0.95,,,,,,,,,,,,,
"October 12, 2024",7.7,113.657,636.508,49.159,0.15,0.496,85.194,0.536,,,,,,,,,,,,,
"October 13, 2024",16.2,158.923,934.341,54.468,0.968,0.286,37.442,0.394,,,,,,,,,,,,,
"October 14, 2024",18.3,52.935,1318.479,30.963,0.447,0.735,89.05,0.848,,,,,,,,,,,,,
"October 15, 2024",11.1,37.907,1632.135,52.283,0.502,0.024,48.818,0.493,,,,,,,,,,,,,
"October 16, 2024",11.7,63.16,1558.325,27.81,0.247,0.585,24.333,0.472,,,,,,,,,,,,,
"October 17, 2024",14.4,29.134,1442.671,33.814,0.471,0.941,81.291,0.49,,,,,,,,,,,,,
"October 18, 2024",5.5,104.987,1467.292,33.424,0.662,0.174,46.828,0.847,,,,,,,,,,,,,
"October 19, 2024",13.1,169.857,1331.483,59.141,0.751,0.472,66.774,0.832,,,,,,,,,,,,,
"October 20, 2024",10.3,26.295,886.316,54.261,0.754,0.091,88.697,0.404,,,,,,,,,,,,,
"October 21, 2024",13.2,39.538,1597.915,48.047,0.578,0.626,14.014,0.333,,,,,,,,,,,,,
"October 22, 2024",8,92.352,1337.806,49.082,0.904,0.551,17.736,0.492,,,,,,,,,,,,,
"October 23, 2024",27.3,169.42,1216.485,42.483,0.817,0.407,67.637,0.573,,,,,,,,,,,,,
"October 24, 2024",19.8,70.585,722.088,57.884,0.757,0.521,32.546,0.238,,,,,,,,,,,,,
"October 25, 2024",22,101.158,1091.761,39.85,0.056,0.897,24.744,0.794,,,,,,,,,,,,,
"October 26, 2024",24.7,26.652,1106.394,35.221,0.007,0.196,13.149,0.486,,,,,,,,,,,,,
"October 27, 2024",17.5,43.735,1551.02,26.521,0.212,0.023,11.748,0.334,,,,,,,,,,,,,
"October 28, 2024",7.2,177.861,1201.313,51.448,0.664,0.862,71.959,0.107,,,,,,,,,,,,,
"October 29, 2024",18.4,174.419,1018.441,49.378,0.411,0.577,20.755,0.239,,,,,,,,,,,,,
"October 30, 2024",19.7,20.79,1674.48,35.374,0.402,0.891,47.418,0.949,,,,,,,,,,,,,
"October 31, 2024",23.6,172.29,721.793,21.008,0.885,0.597,58.472,0.305,,,,,,,,,,,,,
"November 01, 2024",15.8,122.259,1064.803,53.56,0.896,0.81,44.268,0.169,,,,,,,,,,,,,
"November 02, 2024",8.2,158.867,646.227,20.457,0.909,0.43,12.169,0.461,,,,,,,,,,,,,
"November 03, 2024",12.1,92.758,1413.895,48.148,0.314,0.75,72.68,0.307,,,,,,,,,,,,,
"November 04, 2024",14.1,102.495,1609.884,58.81,0.691,0.913,10.841,0.035,,,,,,,,,,,,,
"November 05, 2024",21.1,98.215,908.041,37.506,0.272,0.572,70.951,0.323,,,,,,,,,,,,,
"November 06, 2024",19.3,126.698,1544.176,29.399,0.191,0.181,81.464,0.544,,,,,,,,,,,,,
"November 07, 2024",13.9,42.344,921.44,48.195,0.185,0.269,44.627,0.552,,,,,,,,,,,,,
"November 08, 2024",29.7,24.796,1601.847,52.685,0.342,0.199,52.843,0.357,,,,,,,,,,,,,
"November 09, 2024",20.1,69.269,1429.358,41.857,0.43,0.247,48.159,0.447,,,,,,,,,,,,,
"November 10, 2024",10.9,132.749,1485.397,58.681,0.831,0.306,41.137,0.966,,,,,,,,,,,,,
"November 11, 2024",7.5,52.297,619.807,22.067,0.12,0.555,80.994,0.377,,,,,,,,,,,,,
"November 12, 2024",8.8,127.749,1659.091,40.192,0.735,0.588,81.515,0.258,,,,,,,,,,,,,
"November 13, 2024",11.1,175.186,1399.338,48.738,0.531,0.426,36.865,0.243,,,,,,,,,,,,,
"November 14, 2024",9,35.024,935.226,54.506,0.288,0.615,59.206,0.458,,,,,,,,,,,,,
"November 15, 2024",9.7,127.616,1512.334,27.17,0.493,0.082,84.153,0.76,,,,,,,,,,,,,
"November 16, 2024",12.1,91,909.673,52,0.3,0.088,86.965,0.206,,,,,,,,,,,,,
"November 17, 2024",9.3,158.903,1560.029,42.108,0.596,0.172,50.717,0.709,,,,,,,,,,,,,
"November 18, 2024",27.4,48.344,723.838,35.862,0.434,0.518,46.226,0.021,,,,,,,,,,,,,
"November 19, 2024",7,130.82,1374.055,25.269,0.164,0.214,32.296,0.419,,,,,,,,,,,,,
"November 20, 2024",18.1,154.098,1194.768,54.612,0.117,0.283,86.71,0.776,,,,,,,,,,,,,
"November 21, 2024",15.3,171.138,706.188,26.291,0.547,0.4,21.425,0.339,,,,,,,,,,,,,
"November 22, 2024",29.6,129.32,866.083,32.392,0.902,0.812,56.386,0.564,,,,,,,,,,,,,
"November 23, 2024",7.8,99.548,613.644,31.602,0.344,0.014,32.604,0.205,,,,,,,,,,,,,
"November 24, 2024",14.9,118.856,1115.645,54.857,0.733,0.649,32.321,0.742,,,,,,,,,,,,,
"November 25, 2024",29.2,159.025,931.392,46.908,0.659,0.669,42.397,0.052,,,,,,,,,,,,,
"November 26, 2024",26.6,111.298,1258.193,51.867,0.932,0.799,89.903,0.853,,,,,,,,,,,,,
"November 27, 2024",25.4,24.862,926.962,30.019,0.821,0.933,14.397,0.198,,,,,,,,,,,,,
"November 28, 2024",11.4,168.952,929.911,44.995,0.567,0.02,56.283,0.874,,,,,,,,,,,,,
"November 29, 2024",9.3,130.324,1417.513,42.87,0.657,0.154,16.606,0.353,,,,,,,,,,,,,
"November 30, 2024",21.7,128.242,652.957,53.313,0.898,0.886,22.362,0.723,,,,,,,,,,,,,
"December 01, 2024",28.2,54.508,1593.184,56.243,0.4,0.459,45.165,0.319,,,,,,,,,,,,,
"December 02, 2024",18.9,125.422,1537.49,20.486,0.327,0.565,50.837,0.906,,,,,,,,,,,,,
"December 03, 2024",19.3,83.018,1334.585,46.961,0.011,0.663,30.703,0.127,,,,,,,,,,,,,
"December 04, 2024",12,124.197,1252.544,22.073,0.827,0.679,35.317,0.179,,,,,,,,,,,,,
"December 05, 2024",24.2,37.055,1581.533,41.954,0.801,0.932,16.957,0.493,,,,,,,,,,,,,
"December 06, 2024",9.7,125.255,803.863,31.505,0.104,0.997,34.258,0.082,,,,,,,,,,,,,
"December 07, 2024",13.1,179.906,686.866,32.271,0.577,0.72,87.325,0.196,,,,,,,,,,,,,
"December 08, 2024",15.6,27.714,863.461,34.118,0.464,0.287,85.577,0.944,,,,,,,,,,,,,
"December 09, 2024",17.7,176.348,1474.036,44.852,0.119,0.88,36.79,0.976,,,,,,,,,,,,,
"December 10, 2024",11.1,85.105,638.137,33.362,0.981,0.049,55.668,0.376,,,,,,,,,,,,,
"December 11, 2024",7.9,159.321,1241.088,49.308,0.215,0.231,82.768,0.923,,,,,,,,,,,,,
"December 12, 2024",20.3,145.182,1694.981,36.181,0.067,0.897,10.495,0.545,,,,,,,,,,,,,
"December 13, 2024",12.2,110.723,1541.266,22.734,0.595,0.256,74.855,0.27,,,,,,,,,,,,,
"December 14, 2024",19.5,138.152,1173.59,51.35,0.739,0.221,85.87,0.702,,,,,,,,,,,,,
"December 15, 2024",8.9,160.562,670.005,31.43,0.032,0.138,17.306,0.659,,,,,,,,,,,,,
"December 16, 2024",17,84.662,1514.511,37.311,0.659,0.859,22.916,0.989,,,,,,,,,,,,,
"December 17, 2024",18.3,72.325,1258.876,47.418,0.532,0.5,86.86,0.265,,,,,,,,,,,,,
"December 18, 2024",6.3,126.815,726.426,33.298,0.103,0.675,53.003,0.672,,,,,,,,,,,,,
"December 19, 2024",13.4,149.255,703.243,22.263,0.173,0.239,11.136,0.052,,,,,,,,,,,,,
"December 20, 2024",8.4,141.966,1600.59,34.957,0.568,0.758,30.611,0.114,,,,,,,,,,,,,
"December 21, 2024",6.6,147.65,1336.12,57.778,0.296,0.76,45.995,0.004,,,,,,,,,,,,,
"December 22, 2024",29.7,89.693,1512.215,45.669,0.938,0.313,65.433,0.999,,,,,,,,,,,,,
"December 23, 2024",13.1,150.853,1566.877,46.859,0.819,0.411,68.653,0.802,,,,,,,,,,,,,
"December 24, 2024",25.2,39.233,1228.95,45.291,0.984,0.21,89.634,0.787,,,,,,,,,,,,,
"December 25, 2024",11.4,107.118,1169.191,27.96,0.26,0.977,33.001,0.51,,,,,,,,,,,,,
"December 26, 2024",22,20.921,1073.47,36.733,0.97,0.646,53.058,0.3,,,,,,,,,,,,,
"December 27, 2024",24,71.934,948.641,50.038,0.431,0.935,52.666,0.151,,,,,,,,,,,,,
"December 28, 2024",19.9,78.634,1078.056,24.055,0.348,0.303,42.452,0.285,,,,,,,,,,,,,
"December 29, 2024",16.8,83.388,1451.268,31.114,0.05,0.782,23.533,0.376,,,,,,,,,,,,,
"December 30, 2024",15.3,131.275,1262.116,31.053,0.053,0.766,88.197,0.756,,,,,,,,,,,,,
"December 31, 2024",13.7,82.169,1581.776,37.281,0.692,0.692,78.265,0.54,,,,,,,,,,,,,
"January 01, 2025",28.2,91.791,1087.718,59.215,0.458,0.966,49.867,0.077,,,,,,,,,,,,,
"January 02, 2025",25.8,58.007,1267.799,22.7,0.227,0.394,58.26,0.018,,,,,,,,,,,,,
"January 03, 2025",29.1,79.72,1294.438,40.748,0.614,0.131,28.181,0.102,,,,,,,,,,,,,
"January 04, 2025",8.1,56.363,1250.867,27.175,0.253,0.672,53.503,0.41,,,,,,,,,,,,,
"January 05, 2025",23.3,31.711,1372.897,58.827,0.578,0.729,65.598,0.933,,,,,,,,,,,,,
"January 06, 2025",28.5,116.552,861.177,24.532,0.359,0.575,51.213,0.637,,,,,,,,,,,,,
"January 07, 2025",9.5,126.914,1163.6,36.144,0.824,0.207,89.223,0.802,,,,,,,,,,,,,
"January 08, 2025",6.7,119.118,714.647,49.515,0.821,0.504,58.907,0.466,,,,,,,,,,,,,
"January 09, 2025",23.5,94.159,1022.962,48.182,0.477,0.312,39.678,0.362,,,,,,,,,,,,,
"January 10, 2025",19.4,80.766,1136.434,36.909,0.351,0.427,71.772,0.108,,,,,,,,,,,,,
"January 11, 2025",26,158.133,1317.447,33.861,0.363,0.645,23.637,0.876,,,,,,,,,,,,,
"January 12, 2025",8.5,103.053,1645.584,35.904,0.806,0.745,40.761,0.783,,,,,,,,,,,,,
"January 13, 2025",24.9,96.669,1260.716,30.571,0.328,0.232,37.757,0.168,,,,,,,,,,,,,
"January 14, 2025",10,24.103,1417.953,28.213,0.209,0.405,44.545,0.512,,,,,,,,,,,,,
"January 15, 2025",9.1,74.6,1156.893,39.322,0.085,0.269,72.542,0.487,,,,,,,,,,,,,
"January 16, 2025",9.1,80.831,1297.514,30.741,0.467,0.199,48.734,0.625,,,,,,,,,,,,,
"January 17, 2025",25.4,83.812,678.025,31.498,0.482,0.783,73.521,0.946,,,,,,,,,,,,,
"January 18, 2025",21.6,112.828,879.831,46.27,0.841,0.909,56.119,0.58,,,,,,,,,,,,,
"January 19, 2025",18.1,105.376,998.038,58.741,0.221,0.37,37.366,0.54,,,,,,,,,,,,,
"January 20, 2025",14,117.265,1119.743,44.145,0.381,0.751,74.798,0.05,,,,,,,,,,,,,
"January 21, 2025",26.9,142.381,650.214,23.079,0.808,0.897,29.063,0.063,,,,,,,,,,,,,
"January 22, 2025",14.8,150.078,754.027,23.023,0.824,0.846,27.951,0.187,,,,,,,,,,,,,
"January 23, 2025",25.4,134.9,904.496,58.057,0.385,0.183,50.36,0.032,,,,,,,,,,,,,
"January 24, 2025",16,172.884,1668.686,31.892,0.459,0.956,30.868,0.743,,,,,,,,,,,,,
"January 25, 2025",14.4,22.917,964.482,23.683,0.303,0.377,10.727,0.723,,,,,,,,,,,,,
"January 26, 2025",16.6,51.324,1130.245,43.962,0.933,0.339,61.864,0.136,,,,,,,,,,,,,
"January 27, 2025",12.5,21.21,815.707,44.946,0.119,0.062,50.888,0.836,,,,,,,,,,,,,
"January 28, 2025",23.7,123.596,1271.858,45.94,0.934,0.486,45.641,0.155,,,,,,,,,,,,,
"January 29, 2025",17.6,163.685,908.752,30.696,0.684,0.109,87.357,0.301,,,,,,,,,,,,,
"January 30, 2025",10.8,58.957,827.692,20.604,0.532,0.249,55.696,0.249,,,,,,,,,,,,,
"January 31, 2025",27.5,168.326,1168.23,58.601,0.033,0.317,79.075,0.372,,,,,,,,,,,,,
"February 01, 2025",14.6,29.643,606.056,30.036,0.476,0.809,21.156,0.255,,,,,,,,,,,,,
"February 02, 2025",18.6,169.51,608.43,47.041,0.408,0.875,55.537,0.489,,,,,,,,,,,,,
"February 03, 2025",27.7,76.26,840.976,48.265,0.161,0.302,79.438,0.407,,,,,,,,,,,,,
"February 04, 2025",20.6,36.227,640.393,44.4,0.656,0.859,56.648,0.987,,,,,,,,,,,,,
"February 05, 2025",7.9,97.739,718.828,32.516,0.971,0.857,67.441,0.056,,,,,,,,,,,,,
"February 06, 2025",28.5,61.084,972.747,30.844,0.562,0.765,39.763,0.142,,,,,,,,,,,,,
"February 07, 2025",20.7,65.58,1482.844,43.907,0.715,0.147,17.396,0.053,,,,,,,,,,,,,
"February 08, 2025",13.4,69.166,1229.254,54.644,0.068,0.69,46.632,0.626,,,,,,,,,,,,,
"February 09, 2025",8.5,148.484,1163.934,57.869,0.418,0.945,41.558,0.055,,,,,,,,,,,,,
"February 10, 2025",24.9,106.266,922.838,24.236,0.116,0.683,79.365,0.836,,,,,,,,,,,,,
"February 11, 2025",20.5,69.809,1624.929,26.193,0.613,0.332,29.52,0.512,,,,,,,,,,,,,
"February 12, 2025",18.3,117.653,1036.717,57.789,0.938,0.501,87.339,0.527,,,,,,,,,,,,,
"February 13, 2025",27.3,134.584,695.802,49.461,0.662,0.646,86.651,0.562,,,,,,,,,,,,,
"February 14, 2025",24.7,63.62,1278.773,55.32,0.077,0.511,29.811,0.171,,,,,,,,,,,,,
"February 15, 2025",8.8,86.168,725.222,28.105,0.355,0.12,37.844,0.198,,,,,,,,,,,,,
"February 16, 2025",12.8,39.502,979.745,43.503,0.551,0.312,81.644,0.319,,,,,,,,,,,,,
"February 17, 2025",11.2,48.984,1158.153,48.046,0.403,0.802,87.33,0.593,,,,,,,,,,,,,
"February 18, 2025",23.6,128.979,1561.645,47.204,0.834,0.861,45.475,0.21,,,,,,,,,,,,,
"February 19, 2025",5.8,49.03,1142.901,36.326,0.815,0.137,35.68,0.116,,,,,,,,,,,,,
"February 20, 2025",19.2,104.026,1372.485,20.616,0.612,0.952,52.088,0.97,,,,,,,,,,,,,
"February 21, 2025",24.1,133.447,1692.099,43.317,0.373,0.329,65.022,0.022,,,,,,,,,,,,,
"February 22, 2025",26.9,37.1,744.638,30.124,0.255,0.662,31.878,0.803,,,,,,,,,,,,,
"February 23, 2025",13.6,110.77,902.205,38.01,0.106,0.752,68.918,0.788,,,,,,,,,,,,,
"February 24, 2025",25.5,61.05,1034.034,58.303,0.355,0.812,14.133,0.297,,,,,,,,,,,,,
"February 25, 2025",7.8,174.068,1064.011,35.961,0.413,0.946,13.944,0.136,,,,,,,,,,,,,
"February 26, 2025",26.2,97.367,1052.123,53.592,0.676,0.313,40.903,0.146,,,,,,,,,,,,,
"February 27, 2025",8.2,148.959,1598.372,27.542,0.658,0.859,38.278,0.697,,,,,,,,,,,,,
"February 28, 2025",14.9,108.036,1385.436,46.898,0.07,0.132,35.251,0.643,,,,,,,,,,,,,
"March 01, 2025",10,28.267,649.867,41.875,0.044,0,16.964,0,,,,,,,,,,,,,
"March 02, 2025",0,64.996,656.756,40.11,0.001,0,32.026,0,,,,,,,,,,,,,
"March 03, 2025",9,152.569,1494.67,43.915,0.099,0,66.631,0,,,,,,,,,,,,,
"March 04, 2025",0,156.651,1422.525,53.363,0.137,0,78.024,0,,,,,,,,,,,,,
"March 05, 2025",0,156.284,1659.136,57.259,0.187,0,81.104,0,,,,,,,,,,,,,
"March 06, 2025",21,109.376,1670.851,53.7,0.063,0,88.342,0,,,,,,,,,,,,,
"March 07, 2025",19,60.973,1278.959,41.515,0,0,66.833,0,,,,,,,,,,,,,
"March 08, 2025",22,54.637,694.941,24.871,0,0.039,20.331,0,,,,,,,,,,,,,
"March 09, 2025",24,54.637,694.941,24.871,0,0.033,20.331,0,,,,,,,,,,,,,
"March 10, 2025",22,171.222,1576.008,45.352,0,0,72.936,0,,,,,,,,,,,,,
"March 11, 2025",24,163.904,1663.197,43.912,0,0,87.954,0,,,,,,,,,,,,,
"March 12, 2025",21,116.753,1577.621,55.213,0,0,81.141,0,,,,,,,,,,,,,
"March 13, 2025",23,157.519,1503.304,39.966,0.253,0,84.02,0,,,,,,,,,,,,,
"March 14, 2025",27,59.555,1199.698,36.895,0.097,0,70.295,0,,,,,,,,,,,,,
"March 15, 2025",5.5,43.222,746.384,35.471,0.005,0,31.97,0,,,,,,,,,,,,,
"March 16, 2025",5.5,43.222,746.384,35.471,0.005,0,31.97,0,,,,,,,,,,,,,
"March 17, 2025",16,138.328,1334.322,40.758,0,0,67.58,0,,,,,,,,,,,,,
"March 18, 2025",20,184.927,1472.065,44.551,0,0,78.445,0,,,,,,,,,,,,,
"March 19, 2025",18,157.185,1236.794,46.509,0,0,71.045,0,,,,,,,,,,,,,
"March 20, 2025",19,99.584,1279.984,48.832,0.001,0,70.652,0,,,,,,,,,,,,,
"March 21, 2025",14,99.072,1037.051,35.613,0,0,54.432,0,,,,,,,,,,,,,
"March 22, 2025",8,40.426,526.308,27.165,0,0,12.211,0,,,,,,,,,,,,,
"March 23, 2025",8,58.147,520.265,29.351,0.001,0,23.315,0,,,,,,,,,,,,,
"March 24, 2025",17,112.275,1383.735,42.59,0,0,68.656,0,,,,,,,,,,,,,
"March 25, 2025",21,130.783,1555.082,37.899,0,0,79.098,0,,,,,,,,,,,,,
"March 26, 2025",24,155.173,1691.571,40.785,0,0,92.429,0,,,,,,,,,,,,,
"March 27, 2025",22,121.261,1597.137,40.512,0.076,0,83.372,0,,,,,,,,,,,,,
"March 28, 2025",18,90.307,1232.797,36.068,0.005,0,69.865,0.001,,,,,,,,,,,,,
"March 29, 2025",13,20.95,671.252,26.954,0,0,15.759,0,,,,,,,,,,,,,
"March 30, 2025",10,59.669,789.703,27.95,0,0,23.223,0,,,,,,,,,,,,,
"March 31, 2025",19,89.201,1266.06,22.694,0,0.003,67.07,0,,,,,,,,,,,,,
