Data from Daily Inventory of Solid Waste Generation ,,,,
Date,Type of Solid Wastes,,,Total Solid Waste per day (kg)
,Residuals (kg),Recyclables (kg),HazWaste (kg),
"January 18, 2023",27,,5,32
"January 20, 2023",85,,16,101
"January 24, 2023",93,,29,122
"January 25, 2023",110,,5,115
"January 27, 2023",152,,7,159
"January 30, 2023",152,,5,157
"January 31, 2023",170,,8,178
"February 01, 2023",158,5,0,163 kg
"February 02, 2023",149,9,0,158 kg
"February 03, 2023",146,10,0,156 kg
"February 06, 2023",132,23,"2pcs spray 
paint  155 kg and",2
"February 07, 2023",148,6,0,154 kg
"February 08, 2023",155,7,0,162 kg
"February 09, 2023",182,8,0,190 kg
"February 10, 2023",192,8,0,200 kg
"February 13, 2023",186,16,0,202 kg
"February 14, 2023",189,10,0,199 kg
"February 15, 2023",253,9,3,265 kg
"February 16, 2023",199,24,"8 pcs spray 
paint  223 kg and",8
"February 17, 2023",192,15,27,234 kg
"February 18, 2023",11,0,0,11 kg
"February 20, 2023",160,51,0,211 kg
"February 21, 2023",195,15,0,210 kg
"February 22, 2023",176,0,7,183 kg
"February 23, 2023",199,0,9,208 kg
"February 27, 2023",187,0,5,192 kg
"February 28, 2023",188,0,5,193 kg
"March 01, 2023",252,10,4,266
"March 02, 2023",180,14,1,195
"March 03, 2023",204,27,17,248
"March 04, 2023",,-,-,0
"March 05, 2023",,-,-,0
"March 06, 2023",52,4,-,56
"March 07, 2023",100,3,-,103
"March 08, 2023",235,18,-,253
"March 09, 2023",189,12,-,201
"March 10, 2023",217,7,-,224
"March 11, 2023",,-,-,0
"March 12, 2023",,-,-,0
"March 13, 2023",218,45,8,271
"March 14, 2023",189,8,,197
"March 15, 2023",227,14,3,244
"March 16, 2023",207,16,-,223
"March 17, 2023",365,15,-,380
"March 18, 2023",,-,-,0
"March 19, 2023",,-,-,0
"March 20, 2023",166,10,-,176
"March 21, 2023",158,15,-,173
"March 22, 2023",163,12,-,175
"March 23, 2023",174,15,-,189
"March 24, 2023",202,31,-,233
"March 25, 2023",,-,-,0
"March 26, 2023",,-,-,0
"March 27, 2023",195,36,-,231
"March 28, 2023",186,10,-,196
"March 29, 2023",173,189,-,362
"March 30, 2023",185,51,-,236
"March 31, 2023",179,22,-,201
"April 01, 2023",,-,-,0
"April 02, 2023",,-,-,0
"April 03, 2023",171,10,,181
"April 04, 2023",147,-,-,147
"April 05, 2023",173,13,-,186
"April 06, 2023",150,-,-,150
"April 07, 2023",,-,-,0
"April 08, 2023",,-,-,0
"April 09, 2023",,-,-,0
"April 10, 2023",,-,-,0
"April 11, 2023",169,9,-,178
"April 12, 2023",176,11,-,187
"April 13, 2023",196,11,-,207
"April 14, 2023",192,12,-,204
"April 15, 2023",,-,-,0
"April 16, 2023",,-,-,0
"April 17, 2023",148,15,-,163
"April 18, 2023",196,11,-,207
"April 19, 2023",225,9,-,234
"April 20, 2023",219,10,-,229
"April 21, 2023",,-,-,0
"April 22, 2023",,-,-,0
"April 23, 2023",,-,-,0
"April 24, 2023",242,9,-,251
"April 25, 2023",241,13,4,258
"April 26, 2023",238,11,-,249
"April 27, 2023",213,11,2,226
"April 28, 2023",232,11,-,243
"April 29, 2023",,-,-,0
"April 30, 2023",,-,-,0
"May 01, 2023",,-,-,0
"May 02, 2023",182,25,-,207
"May 03, 2023",233,13,-,246
"May 04, 2023",230,15,-,245
"May 05, 2023",254,15,-,269
"May 06, 2023",,-,-,0
"May 07, 2023",,-,-,0
"May 08, 2023",253,15,-,268
"May 09, 2023",290,23,-,313
"May 10, 2023",269,17,-,286
"May 11, 2023",262,20,-,282
"May 12, 2023",279,31,-,310
"May 13, 2023",,-,-,0
"May 14, 2023",,-,-,0
"May 15, 2023",198,8,-,206
"May 16, 2023",222,17,-,239
"May 17, 2023",233,19,-,252
"May 18, 2023",227,22,-,249
"May 19, 2023",240,24,-,264
"May 21, 2023",,-,-,0
"May 22, 2023",225,23,3.5,251.5
"May 23, 2023",238,18,-,256
"May 24, 2023",160,23,-,183
"May 25, 2023",175,16,-,191
"May 26, 2023",151,18,-,169
"May 28, 2023",,-,-,0
"May 29, 2023",155,6,-,161
"May 30, 2023",129,11,-,140
"May 31, 2023",82,5,-,87
"June 01, 2023",97,11,,108
"June 02, 2023",92,10,2,104
"June 06, 2023",115,5,-,120
"June 07, 2023",87,9,-,96
"June 08, 2023",21,10,-,31
"June 09, 2023",116,6,-,122
"June 13, 2023",127,9,-,136
"June 14, 2023",101,-,-,101
"June 15, 2023",111,11,-,122
"June 16, 2023",136,8,-,144
"June 19, 2023",130,10,-,140
"June 20, 2023",114,10,-,124
"June 21, 2023",126,11,-,137
"June 22, 2023",136,13,-,149
"June 23, 2023",126,-,-,126
"June 26, 2023",124,20,-,144
"June 27, 2023",144,20,2,166
"June 29, 2023",155,8,-,163
"June 30, 2023",158,24,2.5,184.5
"July 03, 2023",136,9,-,145
"July 04, 2023",154,13,-,167
"July 05, 2023",132,8,-,140
"July 06, 2023",172,,-,172
"July 07, 2023",85,11,-,96
"July 10, 2023",137,13,-,150
"July 11, 2023",158,18,-,176
"July 12, 2023",199,13,-,212
"July 13, 2023",196,8,-,204
"July 14, 2023",189,12,-,201
"July 17, 2023",165,10,-,175
"July 18, 2023",133,9,-,142
"July 20, 2023",182,6,-,188
"July 21, 2023",147,7,-,154
"July 24, 2023",144,7,-,151
"July 25, 2023",159,9,-,168
"July 26, 2023",92,-,-,92
"July 27, 2023",93,-,-,93
"July 28, 2023",102,12,-,114
"July 31, 2023",2,-,-,2
"August 01, 2023",78,-,-,78
"August 02, 2023",62,-,-,62
"August 03, 2023",79,-,-,79
"August 04, 2023",60,-,-,60
"August 07, 2023",107,6,-,113
"August 08, 2023",84,13,-,97
"August 09, 2023",97,5,-,102
"August 10, 2023",94,5,-,99
"August 11, 2023",20,100,10.5,130.5
"August 14, 2023",207,6,-,213
"August 15, 2023",196,38,-,234
"August 16, 2023",52,204,-,256
"August 17, 2023",268,28,-,296
"August 18, 2023",253,10,1,264
"August 22, 2023",269,10,-,279
"August 23, 2023",239,5,-,244
"August 24, 2023",215,12,-,227
"August 25, 2023",233,8,-,241
"August 29, 2023",235,15,-,250
"August 30, 2023",238,6,-,244
"August 31, 2023",225,22,22,269
"September 01, 2023",250,6,-,256
"September 04, 2023",223,12,-,235
"September 05, 2023",222,12,-,234
"September 06, 2023",212,13,-,225
"September 07, 2023",221,10,-,231
"September 08, 2023",262,11,-,273
"September 11, 2023",253,27,-,280
"September 12, 2023",250,7,-,257
"September 13, 2023",194,45,-,239
"September 14, 2023",231,10,-,241
"September 15, 2023",240,5,-,245
"September 18, 2023",209,13,-,222
"September 19, 2023",209,13,-,222
"September 20, 2023",229,33,-,262
"September 21, 2023",267,17,-,284
"September 22, 2023",261,17,-,278
"September 25, 2023",253,15,-,268
"September 26, 2023",188,44,-,232
"September 27, 2023",240,35,-,275
"September 28, 2023",238,25,-,263
"September 29, 2023",255,13,-,268
"January 17, 2024",98,30,0,128
"January 18, 2024",99,29,0,128
"January 19, 2024",96,76,0,172
"January 22, 2024",96,48,0,144
"January 23, 2024",123,27,0,150
"January 24, 2024",166,17,8,191
"January 25, 2024",185,30,0,215
"January 26, 2024",236,32,18,286
"January 29, 2024",173,37,0,210
"January 30, 2024",167,50,0,217
"January 31, 2024",133,0,0,133
"February 01, 2024",136,0,0,136
"February 02, 2024",156,12,0,168
"February 03, 2024",,-,0,0
"February 04, 2024",,-,0,0
"February 05, 2024",193,17,0,210
"February 06, 2024",167,11,0,178
"February 07, 2024",143,17,0,160
"February 08, 2024",193,21,0,214
"February 09, 2024",,-,0,0
"February 10, 2024",,-,0,0
"February 11, 2024",,-,0,0
"February 12, 2024",158,19,0,177
"February 13, 2024",175,0,0,175
"February 14, 2024",167,12,0,179
"February 15, 2024",151,19,0,170
"February 16, 2024",211,17,0,228
"February 17, 2024",,-,0,0
"February 18, 2024",,-,0,0
"February 19, 2024",241,31,0,272
"February 20, 2024",159,39,0,198
"February 21, 2024",187,54,0,241
"February 22, 2024",211,59,0,270
"February 23, 2024",201,60,0,261
"February 24, 2024",,-,0,0
"February 25, 2024",,-,0,0
"February 26, 2024",210,33,0,243
"February 27, 2024",157,25,0,182
"February 28, 2024",155,15,0,170
"February 29, 2024",211,29,0,240
"March 01, 2024",224,12,3,239
"March 04, 2024",281,27,-,308
"March 05, 2024",221,20,-,241
"March 06, 2024",220,17,-,237
"March 07, 2024",255,4,-,259
"March 08, 2024",214,15,-,229
"March 11, 2024",227,28,-,255
"March 12, 2024",243,17,-,260
"March 13, 2024",181,19,-,200
"March 14, 2024",254,21,-,275
"March 15, 2024",217,17,-,234
"March 18, 2024",175,21,-,196
"March 19, 2024",187,20,-,207
"March 20, 2024",169,5,-,174
"March 21, 2024",194,5,-,199
"March 22, 2024",208,5,-,213
"March 25, 2024",186,-,-,186
"March 26, 2024",90,20,-,110
"March 27, 2024",69,,-,69
"April 11, 2024",,-,-,0
"April 12, 2024",,-,-,0
"April 13, 2024",,-,-,0
"April 14, 2024",,-,-,0
"April 17, 2024",,39,-,39
"May 02, 2024",177,-,-,177
"May 13, 2024",198,39,-,237
"May 14, 2024",256,22,-,278
"May 15, 2024",181,18,-,199
"May 16, 2024",173,31,-,204
"May 17, 2024",165,38,-,203
"May 20, 2024",247,20,-,267
"May 21, 2024",226,20,-,246
"May 22, 2024",184,13,-,197
"May 23, 2024",257,12,-,269
"May 24, 2024",155,21,-,176
"May 27, 2024",83,15,-,98
"May 28, 2024",120,18,6,144
"May 29, 2024",45,-,-,45
"May 30, 2024",87,-,-,87
"May 31, 2024",135,-,-,135
"June 03, 2024",74,13,-,87
"June 04, 2024",71,15,-,86
"June 05, 2024",58,-,-,58
"June 06, 2024",73,10,-,83
"June 07, 2024",108,-,-,108
"June 10, 2024",44,-,-,44
"June 11, 2024",85,5,-,90
"June 13, 2024",60,7,-,67
"June 14, 2024",140,10,-,150
"June 20, 2024",117,-,-,117
"June 21, 2024",89,11,-,100
"June 24, 2024",68,7,-,75
"June 25, 2024",108,-,-,108
"June 26, 2024",144,4,-,148
"June 27, 2024",99,11,-,110
"June 28, 2024",126,9,-,135
"July 01, 2024",145,8,-,153
"July 02, 2024",117,-,-,117
"July 03, 2024",239,12,-,251
"July 04, 2024",102,-,-,102
"July 05, 2024",119,13,-,132
"July 08, 2024",119,22,-,141
"July 09, 2024",115,10,-,125
"July 11, 2024",135,-,-,135
"July 12, 2024",166,13,-,179
"July 15, 2024",120,7,-,127
"July 16, 2024",124,20,-,144
"July 17, 2024",95,40,-,135
"July 18, 2024",135,15,-,150
"July 19, 2024",122,15,-,137
"July 22, 2024",144,,-,144
"July 24, 2024",104,9,-,113
"July 26, 2024",170,9,-,179
"July 29, 2024",77,11,-,88
"July 30, 2024",14,32,-,46
"August 01, 2024",94,5,-,99
"August 02, 2024",123,10,-,133
"August 06, 2024",139,5,-,144
"August 07, 2024",83,12,-,95
"August 08, 2024",88,18,-,106
"August 09, 2024",109,12,-,121
"August 12, 2024",87,9,-,96
"August 13, 2024",81,8,-,89
"August 14, 2024",170,15,-,185
"August 15, 2024",144,8,-,152
"August 16, 2024",69,32,-,101
"August 19, 2024",191,13,-,204
"August 20, 2024",171,9,-,180
"August 21, 2024",201,,-,201
"August 22, 2024",181,,-,181
"August 27, 2024",236,,-,236
"August 28, 2024",230,,-,230
"August 29, 2024",178,,-,178
"August 30, 2024",200,,-,200
"September 02, 2024",253,16,-,269
"September 04, 2024",182,16,-,198
"September 05, 2024",280,36,-,316
"September 06, 2024",203,31,-,234
"September 09, 2024",230,17,-,247
"September 10, 2024",190,26,-,216
"September 11, 2024",257,27,-,284
"September 12, 2024",278,10,-,288
"September 13, 2024",181,17,-,198
"September 18, 2024",242,10,-,252
"September 19, 2024",281,10,-,291
"September 20, 2024",310,18,-,328
"September 25, 2024",211,7,-,218
"September 26, 2024",194,17,-,211
"September 27, 2024",234,26,-,260
"January 01, 2025",260.3,5.3,8,273.6
"January 02, 2025",118.1,42.9,4.7,165.7
"January 03, 2025",222.3,26.4,1.1,249.8
"January 04, 2025",82.2,7.2,9.7,99.1
"January 05, 2025",96.6,24.9,8.5,130
"January 06, 2025",95.4,8.3,4.1,107.8
"January 07, 2025",243.2,24.4,9.4,277
"January 08, 2025",287.6,44.1,5.2,336.9
"January 09, 2025",224.3,37,5.4,266.7
"January 10, 2025",258.9,13.6,3.3,275.8
"January 11, 2025",279.1,6.1,4.9,290.1
"January 12, 2025",133.6,48.8,8.5,190.9
"January 13, 2025",221.5,12.3,2.7,236.5
"January 14, 2025",210.4,27.9,5.3,243.6
"January 15, 2025",296.6,26,9.6,332.2
"January 16, 2025",255.4,38.6,1.4,295.4
"January 17, 2025",255.9,29.6,8.4,293.9
"January 18, 2025",174.2,18.9,2.8,195.9
"January 19, 2025",132.9,14.3,1.3,148.5
"January 20, 2025",245,11.1,5.4,261.5
"January 21, 2025",154.8,33.8,2.3,190.9
"January 22, 2025",136,46.1,5.5,187.6
"January 23, 2025",205.1,25.9,7.1,238.1
"January 24, 2025",147.3,13,0.9,161.2
"January 25, 2025",260.2,36.9,4.4,301.5
"January 26, 2025",243.5,39.2,3.7,286.4
"January 27, 2025",266.7,32.2,1,299.9
"January 28, 2025",295.8,33.8,7.4,337
"January 29, 2025",168,26,4.4,198.4
"January 30, 2025",110.4,24.8,8.7,143.9
"January 31, 2025",173.1,18.8,1.5,193.4
"February 01, 2025",149.2,16.5,1.3,167
"February 02, 2025",189.9,15.4,7.1,212.4
"February 03, 2025",209.5,25.4,7.8,242.7
"February 04, 2025",249.6,37.7,1.1,288.4
"February 05, 2025",254.1,44.2,0.8,299.1
"February 06, 2025",239.1,34.8,7.3,281.2
"February 07, 2025",268.6,23.1,3.5,295.2
"February 08, 2025",231.3,47.1,2.4,280.8
"February 09, 2025",291.7,47.9,5.3,344.9
"February 10, 2025",294.7,17.2,6.3,318.2
"February 11, 2025",88.3,19.8,1,109.1
"February 12, 2025",291.4,15.3,8.8,315.5
"February 13, 2025",82.8,33.4,4.9,121.1
"February 14, 2025",267.8,31.6,2.5,301.9
"February 15, 2025",225.2,18.7,3.9,247.8
"February 16, 2025",167.8,31.7,5.8,205.3
"February 17, 2025",127,36.1,5.5,168.6
"February 18, 2025",182.6,36.2,2.7,221.5
"February 19, 2025",220.1,36.9,0.7,257.7
"February 20, 2025",80.9,6,4.7,91.6
"February 21, 2025",125.8,48.3,1.1,175.2
"February 22, 2025",112.3,27.1,7.6,147
"February 23, 2025",297.5,14,7.3,318.8
"February 24, 2025",114.9,9.7,1.5,126.1
"February 25, 2025",174.1,39.2,5.6,218.9
"February 26, 2025",240.4,48.9,9.6,298.9
"February 27, 2025",217.9,30.7,3.2,251.8
"February 28, 2025",83.6,24.6,6.3,114.5
"March 01, 2025",121,38.6,2,161.6
"March 02, 2025",289.1,42.9,6.6,338.6
"March 03, 2025",150.7,41.2,4.1,196
"March 04, 2025",104.7,29.4,1.3,135.4
"March 05, 2025",231.2,33.1,6.5,270.8
"March 06, 2025",194.6,20,7.3,221.9
"March 07, 2025",217.6,42.6,8.1,268.3
"March 08, 2025",121.7,44.9,2.2,168.8
"March 09, 2025",200.8,27.9,5.5,234.2
"March 10, 2025",277.8,13,2.3,293.1
"March 11, 2025",216.7,16,5.5,238.2
"March 12, 2025",292.1,21.1,3.2,316.4
"March 13, 2025",183.3,28,9,220.3
"March 14, 2025",191.4,9.9,4,205.3
"March 15, 2025",171,20.8,4.4,196.2
"March 16, 2025",172.2,33.5,5.3,211
"March 17, 2025",118.8,28.8,8.5,156.1
"March 18, 2025",299.9,22.8,2.9,325.6
"March 19, 2025",89.4,23.7,0.2,113.3
"March 20, 2025",206.9,35.1,2.6,244.6
"March 21, 2025",282.5,37.4,2.7,322.6
"March 22, 2025",123.7,16.1,3.4,143.2
"March 23, 2025",184.1,29.4,4.6,218.1
"March 24, 2025",286.4,18.7,4.1,309.2
"March 25, 2025",234.2,25.3,7.8,267.3
"March 26, 2025",165.5,45.1,2.9,213.5
"March 27, 2025",235.6,20,6.7,262.3
"March 28, 2025",93.2,30.9,4.4,128.5
"March 29, 2025",263.2,20.6,3.9,287.7
"March 30, 2025",173.9,13,8,194.9
"March 31, 2025",259.9,8.3,2.1,270.3
