Data from Daily Inventory of Electricity Consumption,,,,,,,,,,,,,,,
Date,Deep Well 1 (m³),Prime Water (m³),Deep Well 2 (m³),Deep Well 3 (m³),Deep Well 4 (m³),Total Water Consumption (m³),,,,,,,,,
"January 17, 2023",46.2362,24.9324,8.521,25.1976,19.5401,124.4273,,,,,,,,,
"January 18, 2023",63.5214,8.7479,15.5978,17.7343,2.0379,107.6393,,,,,,,,,
"January 19, 2023",56.9598,10.7313,19.4168,30.5948,0.1664,117.8691,,,,,,,,,
"January 20, 2023",52.9598,23.0563,15.2193,33.8765,8.6717,133.7836,,,,,,,,,
"January 21, 2023",39.6806,23.0009,17.8303,30.53,1.8525,112.8943,,,,,,,,,
"January 22, 2023",39.6798,21.0287,18.6105,10.0391,14.9677,104.3258,,,,,,,,,
"January 23, 2023",36.7425,22.3487,10.737,25.91,18.291,114.0292,,,,,,,,,
"January 24, 2023",60.9853,18.5681,10.5445,11.2784,8.6804,110.0567,,,,,,,,,
"January 25, 2023",53.0335,11.295,15.3318,16.4402,5.1742,101.2747,,,,,,,,,
"January 26, 2023",56.2422,13.6424,12.9323,11.4881,8.6881,102.9931,,,,,,,,,
"January 27, 2023",35.6175,9.5399,18.0783,25.0949,14.469,102.7996,,,,,,,,,
"January 28, 2023",64.0973,27.7113,18.8003,27.1647,0.1811,137.9547,,,,,,,,,
"January 29, 2023",59.9733,19.5848,12.2411,12.8622,11.7891,116.4505,,,,,,,,,
"January 30, 2023",41.3702,15.0213,10.8424,19.596,12.2658,99.0957,,,,,,,,,
"January 31, 2023",40.4547,16.5501,17.3663,21.4059,12.7538,108.5308,,,,,,,,,
"February 01, 2023",40.5021,28.6821,11.2977,19.2263,4.8404,104.5486,,,,,,,,,
"February 02, 2023",44.1273,8.8338,17.8714,13.0256,14.2811,98.1392,,,,,,,,,
"February 03, 2023",50.7427,19.6557,13.0849,20.4737,1.8278,105.7848,,,,,,,,,
"February 04, 2023",47.9584,17.6472,16.0106,28.7795,3.9854,114.3811,,,,,,,,,
"February 05, 2023",43.7369,20.2864,9.1464,11.7752,17.5494,102.4943,,,,,,,,,
"February 06, 2023",53.3556,5.4528,15.4863,12.0045,14.7745,101.0737,,,,,,,,,
"February 07, 2023",39.1848,26.8031,13.4212,18.8693,0.2749,98.5533,,,,,,,,,
"February 08, 2023",43.7643,28.303,15.0393,33.5431,4.9675,125.6172,,,,,,,,,
"February 09, 2023",45.9909,19.1283,10.0162,26.7143,4.2881,106.1378,,,,,,,,,
"February 10, 2023",48.6821,22.4163,16.8425,26.9667,5.4161,120.3237,,,,,,,,,
"February 11, 2023",58.5553,28.0625,18.3536,19.048,4.9512,128.9706,,,,,,,,,
"February 12, 2023",40.9902,22.681,10.6009,24.8415,1.2505,100.3641,,,,,,,,,
"February 13, 2023",50.427,8.8135,9.1486,10.2533,9.1788,87.8212,,,,,,,,,
"February 14, 2023",52.7724,19.4072,8.2837,25.9024,14.6547,121.0204,,,,,,,,,
"February 15, 2023",36.3935,20.1679,15.7037,32.8322,12.1346,117.2319,,,,,,,,,
"February 16, 2023",53.2263,15.6033,15.2851,25.3143,13.4574,122.8864,,,,,,,,,
"February 17, 2023",40.1157,23.4111,14.5604,31.8425,1.623,111.5527,,,,,,,,,
"February 18, 2023",36.9515,28.3592,10.7834,28.0993,19.0298,123.2232,,,,,,,,,
"February 19, 2023",63.4666,28.1392,12.6909,13.014,16.7698,134.0805,,,,,,,,,
"February 20, 2023",63.969,16.271,15.1337,32.5613,16.1018,144.0368,,,,,,,,,
"February 21, 2023",59.2519,7.831,13.9612,11.6611,16.4597,109.1649,,,,,,,,,
"February 22, 2023",44.1384,29.621,19.8534,23.3492,18.6542,135.6162,,,,,,,,,
"February 23, 2023",37.9302,25.9725,9.6373,13.5534,10.8851,97.9785,,,,,,,,,
"February 24, 2023",55.527,8.1166,16.3417,10.2927,4.0056,94.2836,,,,,,,,,
"February 25, 2023",48.2046,28.021,12.8518,20.5509,12.3357,121.964,,,,,,,,,
"February 26, 2023",38.6611,26.7474,13.1384,17.376,14.8576,110.7805,,,,,,,,,
"February 27, 2023",49.8553,17.971,16.6112,22.15,14.7583,121.3458,,,,,,,,,
"February 28, 2023",36.0317,19.7819,16.3092,24.43,10.429,106.9818,,,,,,,,,
"March 01, 2023",62.2796,14.9751,19.8951,11.0935,1.3692,109.6125,,,,,,,,,
"March 02, 2023",42.7634,6.369,9.5407,13.0751,7.4223,79.1705,,,,,,,,,
"March 03, 2023",54.8757,13.3799,9.2493,23.9661,18.4153,119.8863,,,,,,,,,
"March 04, 2023",44.3513,25.0713,16.6921,18.5792,11.689,116.3829,,,,,,,,,
"March 05, 2023",50.602,5.1158,14.9406,28.2293,10.7666,109.6543,,,,,,,,,
"March 06, 2023",51.4013,13.3375,11.2899,26.3073,5.3771,107.7131,,,,,,,,,
"March 07, 2023",40.5456,14.9542,8.953,31.1401,7.369,102.9619,,,,,,,,,
"March 08, 2023",64.0875,18.4349,9.0279,27.3123,17.9069,136.7695,,,,,,,,,
"March 09, 2023",58.254,27.9964,18.7303,20.7483,13.3293,139.0583,,,,,,,,,
"March 10, 2023",63.185,13.6586,10.3024,26.8242,15.7477,129.7179,,,,,,,,,
"March 11, 2023",61.8448,13.6738,11.8805,16.8845,9.0869,113.3705,,,,,,,,,
"March 12, 2023",52.937,23.4375,10.7199,17.6578,12.6049,117.3571,,,,,,,,,
"March 13, 2023",62.6562,16.3054,12.26,29.7246,4.9677,125.9139,,,,,,,,,
"March 14, 2023",37.6548,10.6151,8.8331,21.1605,14.1092,92.3727,,,,,,,,,
"March 15, 2023",40.8795,16.311,14.2287,29.9595,8.552,109.9307,,,,,,,,,
"March 16, 2023",36.3568,8.5214,8.8114,30.5606,8.8509,93.1011,,,,,,,,,
"March 17, 2023",44.7599,9.4097,17.6043,31.4391,12.9864,116.1994,,,,,,,,,
"March 18, 2023",46.6603,17.4592,10.8045,32.9159,18.7256,126.5655,,,,,,,,,
"March 19, 2023",43.1405,15.4731,14.4801,20.7746,1.2801,95.1484,,,,,,,,,
"March 20, 2023",59.8621,27.8711,18.5609,17.9717,16.4949,140.7607,,,,,,,,,
"March 21, 2023",45.7026,14.0598,15.8105,24.555,5.8477,105.9756,,,,,,,,,
"March 22, 2023",43.428,19.5147,14.3955,19.2793,8.8784,105.4959,,,,,,,,,
"March 23, 2023",51.2809,20.8066,11.892,25.0269,0.4383,109.4447,,,,,,,,,
"March 24, 2023",39.2277,5.3274,11.996,27.6396,6.0209,90.2116,,,,,,,,,
"March 25, 2023",59.0659,21.5884,16.0338,27.2101,10.0526,133.9508,,,,,,,,,
"March 26, 2023",37.2365,9.4509,19.9297,19.3638,1.1235,87.1044,,,,,,,,,
"March 27, 2023",64.6066,29.0268,15.9421,14.1715,9.8219,133.5689,,,,,,,,,
"March 28, 2023",58.1673,8.7166,14.6934,20.7632,18.5422,120.8827,,,,,,,,,
"March 29, 2023",40.9615,15.3656,16.7678,13.5649,2.1079,88.7677,,,,,,,,,
"March 30, 2023",35.1657,7.1337,13.5825,32.2524,15.2888,103.4231,,,,,,,,,
"March 31, 2023",59.4638,29.9219,8.7217,18.6469,8.1934,124.9477,,,,,,,,,
"April 01, 2023",56.2057,17.5549,14.7476,13.8615,13.1035,115.4732,,,,,,,,,
"April 02, 2023",56.8702,19.8846,19.4915,10.6362,5.2047,112.0872,,,,,,,,,
"April 03, 2023",58.1381,6.6769,10.1036,26.1456,3.1898,104.254,,,,,,,,,
"April 04, 2023",37.2213,23.749,16.2801,25.9226,3.2093,106.3823,,,,,,,,,
"April 05, 2023",45.754,10.2476,10.4112,18.5151,1.4098,86.3377,,,,,,,,,
"April 06, 2023",38.4761,27.4514,14.4299,11.7928,3.7129,95.8631,,,,,,,,,
"April 07, 2023",60.8931,10.1285,9.1601,20.2407,13.2844,113.7068,,,,,,,,,
"April 08, 2023",53.6989,9.7672,13.4045,17.7804,17.6338,112.2848,,,,,,,,,
"April 09, 2023",44.9269,5.9137,17.074,26.928,16.2825,111.1251,,,,,,,,,
"April 10, 2023",36.9068,16.8017,12.1709,25.1445,13.7027,104.7266,,,,,,,,,
"April 11, 2023",44.3295,19.121,15.9789,19.1148,2.2086,100.7528,,,,,,,,,
"April 12, 2023",44.7555,6.6427,17.5454,15.4473,5.7837,90.1746,,,,,,,,,
"April 13, 2023",56.8882,24.3882,19.1261,34.7009,6.1961,141.2995,,,,,,,,,
"April 14, 2023",54.1267,16.3322,10.8157,21.35,4.9991,107.6237,,,,,,,,,
"April 15, 2023",61.6164,18.1098,12.7918,27.2069,10.3001,130.025,,,,,,,,,
"April 16, 2023",49.1664,16.0191,9.829,13.5138,10.7111,99.2394,,,,,,,,,
"April 17, 2023",38.5878,15.0191,19.9098,22.1397,7.1377,102.7941,,,,,,,,,
"April 18, 2023",56.3973,18.991,19.124,10.6884,7.0758,112.2765,,,,,,,,,
"April 19, 2023",57.8236,8.881,14.4795,22.6364,16.5711,120.3916,,,,,,,,,
"April 20, 2023",51.8383,9.5482,18.1044,34.1004,15.7859,129.3772,,,,,,,,,
"April 21, 2023",58.129,26.5446,14.2515,19.6052,6.1559,124.6862,,,,,,,,,
"April 22, 2023",49.8139,28.6529,15.483,10.9749,18.2758,123.2005,,,,,,,,,
"April 23, 2023",50.682,14.3327,9.0695,10.7739,19.0563,103.9144,,,,,,,,,
"April 24, 2023",47.8262,11.7686,17.0632,19.6997,6.5349,102.8926,,,,,,,,,
"April 25, 2023",35.7626,21.1,9.5326,14.0006,7.0885,87.4843,,,,,,,,,
"April 26, 2023",38.2367,15.2184,17.9128,10.5838,10.1127,92.0644,,,,,,,,,
"April 27, 2023",35.9429,5.6347,17.3843,28.9053,18.8224,106.6896,,,,,,,,,
"April 28, 2023",54.0923,8.9038,16.5049,21.4631,17.5264,118.4905,,,,,,,,,
"April 29, 2023",44.4307,22.8993,8.4339,17.2311,2.0514,95.0464,,,,,,,,,
"April 30, 2023",50.2571,21.4731,11.6375,32.5021,7.8546,123.7244,,,,,,,,,
"May 01, 2023",62.227,5.6774,11.1574,12.9035,11.0674,103.0327,,,,,,,,,
"May 02, 2023",42.4788,10.5493,12.3216,33.898,10.0626,109.3103,,,,,,,,,
"May 03, 2023",47.3115,10.7769,9.0517,17.8492,3.8773,88.8666,,,,,,,,,
"May 04, 2023",57.6665,21.7973,19.2435,32.2101,17.1763,148.0937,,,,,,,,,
"May 05, 2023",41.8639,5.4928,14.6456,25.0736,13.5388,100.6147,,,,,,,,,
"May 06, 2023",37.3094,7.6027,11.6663,30.6677,16.7582,104.0043,,,,,,,,,
"May 07, 2023",43.6925,24.9979,12.7638,34.6003,17.1753,133.2298,,,,,,,,,
"May 08, 2023",39.8366,9.4636,13.3664,17.2101,14.9671,94.8438,,,,,,,,,
"May 09, 2023",62.8909,21.3187,15.2071,34.0284,8.7842,142.2293,,,,,,,,,
"May 10, 2023",59.2436,10.9546,14.1882,19.737,12.2109,116.3343,,,,,,,,,
"May 11, 2023",54.0021,7.486,19.0327,19.6378,3.2073,103.3659,,,,,,,,,
"May 12, 2023",61.1438,11.0793,13.9636,18.5097,13.4729,118.1693,,,,,,,,,
"May 13, 2023",59.1102,23.0567,19.9059,23.5352,3.5851,129.1931,,,,,,,,,
"May 14, 2023",40.5971,26.3924,18.2171,13.8536,13.879,112.9392,,,,,,,,,
"May 15, 2023",61.7768,25.7555,10.5021,23.8428,4.592,126.4692,,,,,,,,,
"May 16, 2023",51.1803,14.9296,19.1671,23.5426,2.351,111.1706,,,,,,,,,
"May 17, 2023",59.2232,21.7021,9.3964,29.0475,3.3057,122.6749,,,,,,,,,
"May 18, 2023",61.8827,10.1246,17.8094,30.8412,0.0398,120.6977,,,,,,,,,
"May 19, 2023",44.5401,12.3287,12.5675,21.011,14.3748,104.8221,,,,,,,,,
"May 20, 2023",38.3016,27.4084,18.5357,17.5583,14.648,116.452,,,,,,,,,
"May 21, 2023",41.8381,5.325,18.4167,16.4834,10.2987,92.3619,,,,,,,,,
"May 22, 2023",47.8132,7.1377,17.6711,14.8656,3.2273,90.7149,,,,,,,,,
"May 23, 2023",59.5404,10.1972,17.4804,11.4412,1.6711,100.3303,,,,,,,,,
"May 24, 2023",60.8219,5.6633,11.6561,18.5612,0.3826,97.0851,,,,,,,,,
"May 25, 2023",35.2086,9.5359,8.971,16.7562,3.315,73.7867,,,,,,,,,
"May 26, 2023",50.3224,19.576,12.8358,34.1604,17.8171,134.7117,,,,,,,,,
"May 27, 2023",47.5223,15.5356,10.0823,23.9427,4.8307,101.9136,,,,,,,,,
"May 28, 2023",41.6632,27.3168,16.3394,18.6819,7.0854,111.0867,,,,,,,,,
"May 29, 2023",38.596,25.4361,12.1532,24.5117,2.1069,102.8039,,,,,,,,,
"May 30, 2023",45.1285,13.5454,19.7073,13.4799,4.4472,96.3083,,,,,,,,,
"May 31, 2023",63.2873,11.4856,15.6917,21.1011,10.3845,121.9502,,,,,,,,,
"June 01, 2023",44.6961,14.4923,17.8698,25.6559,12.1551,114.8692,,,,,,,,,
"June 02, 2023",50.5637,19.7574,9.5903,22.2224,4.907,107.0408,,,,,,,,,
"June 03, 2023",56.0906,11.7016,18.3442,20.0445,1.1546,107.3355,,,,,,,,,
"June 04, 2023",45.9089,20.6037,19.0731,34.8462,7.8207,128.2526,,,,,,,,,
"June 05, 2023",64.1535,15.2353,13.8447,32.0079,4.6841,129.9255,,,,,,,,,
"June 06, 2023",63.8734,18.8012,15.275,25.5851,4.3911,127.9258,,,,,,,,,
"June 07, 2023",42.5535,15.9032,17.1777,24.2344,19.1973,119.0661,,,,,,,,,
"June 08, 2023",49.9175,12.3616,10.0981,25.5165,12.326,110.2197,,,,,,,,,
"June 09, 2023",44.0263,28.7113,14.0308,15.0328,11.1376,112.9388,,,,,,,,,
"June 10, 2023",43.5452,24.0901,12.784,19.8784,8.3155,108.6132,,,,,,,,,
"June 11, 2023",36.1066,8.5028,9.7565,10.9865,8.5789,73.9313,,,,,,,,,
"June 12, 2023",53.2869,26.7117,12.4104,21.8887,10.8181,125.1158,,,,,,,,,
"June 13, 2023",50.0804,17.1858,8.8181,23.5756,13.9286,113.5885,,,,,,,,,
"June 14, 2023",36.5444,27.3638,8.3097,15.6937,14.0429,101.9545,,,,,,,,,
"June 15, 2023",43.3594,24.9964,9.622,34.1007,3.4339,115.5124,,,,,,,,,
"June 16, 2023",62.248,15.6303,19.5574,32.7364,10.0023,140.1744,,,,,,,,,
"June 17, 2023",42.1869,5.5617,14.5944,28.0536,8.2392,98.6358,,,,,,,,,
"June 18, 2023",39.3468,11.7169,19.5899,23.3347,17.4105,111.3988,,,,,,,,,
"June 19, 2023",49.6836,18.5409,13.19,31.7492,12.6284,125.7921,,,,,,,,,
"June 20, 2023",64.5695,20.837,11.7418,13.2663,10.6501,121.0647,,,,,,,,,
"June 21, 2023",42.2617,11.4472,14.0737,29.7627,2.3079,99.8532,,,,,,,,,
"June 22, 2023",55.1641,8.4839,13.2741,13.1205,12.1128,102.1554,,,,,,,,,
"June 23, 2023",57.8486,25.8733,9.268,29.8553,2.3441,125.1893,,,,,,,,,
"June 24, 2023",42.1291,29.6101,15.6899,16.8942,6.7441,111.0674,,,,,,,,,
"June 25, 2023",56.8465,18.1423,10.5925,31.9273,2.8568,120.3654,,,,,,,,,
"June 26, 2023",46.0335,9.292,15.4351,33.6011,13.8415,118.2032,,,,,,,,,
"June 27, 2023",53.9692,11.8077,15.8024,13.7199,4.125,99.4242,,,,,,,,,
"June 28, 2023",54.0059,5.4598,9.8243,21.5669,7.8372,98.6941,,,,,,,,,
"June 29, 2023",51.0732,27.8575,8.7362,34.5247,17.9135,140.1051,,,,,,,,,
"June 30, 2023",37.7087,7.9438,17.3691,22.0852,4.0863,89.1931,,,,,,,,,
"July 01, 2023",60.0591,19.4129,13.5176,31.5887,10.1561,134.7344,,,,,,,,,
"July 02, 2023",44.6234,11.8514,8.698,24.7183,8.3854,98.2765,,,,,,,,,
"July 03, 2023",40.5956,18.8545,19.9384,19.3832,0.3625,99.1342,,,,,,,,,
"July 04, 2023",36.2233,21.2855,8.6934,17.1446,15.8552,99.202,,,,,,,,,
"July 05, 2023",52.7268,25.7435,16.3404,15.0806,1.3809,111.2722,,,,,,,,,
"July 06, 2023",55.3269,10.1605,19.8041,29.045,9.4851,123.8216,,,,,,,,,
"July 07, 2023",35.4976,5.2749,10.8702,19.6635,11.2136,82.5198,,,,,,,,,
"July 08, 2023",50.3628,8.4221,9.707,22.7819,12.5685,103.8423,,,,,,,,,
"July 09, 2023",41.7949,27.5005,9.4566,22.3081,13.7726,114.8327,,,,,,,,,
"July 10, 2023",54.3552,26.8473,11.6393,24.432,5.0654,122.3392,,,,,,,,,
"July 11, 2023",40.231,19.9353,9.2125,31.6394,0.1996,101.2178,,,,,,,,,
"July 12, 2023",55.7281,20.0129,16.3059,34.5185,14.4689,141.0343,,,,,,,,,
"July 13, 2023",46.6021,21.6259,8.7475,20.1896,10.7131,107.8782,,,,,,,,,
"July 14, 2023",63.1019,9.3843,14.1131,30.688,16.7224,134.0097,,,,,,,,,
"July 15, 2023",39.1256,27.8603,19.9604,29.1132,16.4278,132.4873,,,,,,,,,
"July 16, 2023",45.232,15.4693,17.7676,24.3382,16.8665,119.6736,,,,,,,,,
"July 17, 2023",38.4042,14.5785,15.3826,33.9012,9.7019,111.9684,,,,,,,,,
"July 18, 2023",62.7408,17.9729,11.675,15.0119,6.6726,114.0732,,,,,,,,,
"July 19, 2023",61.3202,6.1741,15.4868,12.7316,15.8312,111.5439,,,,,,,,,
"July 20, 2023",42.7382,9.1571,14.3245,31.349,9.0259,106.5947,,,,,,,,,
"July 21, 2023",54.7995,23.4508,13.113,20.9787,3.6688,116.0108,,,,,,,,,
"July 22, 2023",59.5167,7.07,9.5685,31.1742,17.0995,124.4289,,,,,,,,,
"July 23, 2023",51.656,20.0788,18.6393,32.3273,17.6512,140.3526,,,,,,,,,
"July 24, 2023",50.8895,11.1337,13.3974,11.5614,9.3262,96.3082,,,,,,,,,
"July 25, 2023",42.2556,14.7324,10.3355,32.0866,1.514,100.9241,,,,,,,,,
"July 26, 2023",37.7931,12.2173,12.4131,21.208,7.7565,91.388,,,,,,,,,
"July 27, 2023",61.9165,13.8918,12.9696,22.7608,16.0708,127.6095,,,,,,,,,
"July 28, 2023",62.0125,22.9761,17.9305,25.6648,18.0355,146.6194,,,,,,,,,
"July 29, 2023",53.993,12.428,16.8034,33.1596,4.0695,120.4535,,,,,,,,,
"July 30, 2023",45.1709,19.1601,17.2317,10.4779,1.3395,93.3801,,,,,,,,,
"July 31, 2023",45.4763,16.9013,8.1324,21.9211,17.547,109.9781,,,,,,,,,
"August 01, 2023",56.7787,21.5918,12.9938,27.1931,7.7881,126.3455,,,,,,,,,
"August 02, 2023",61.9133,28.4207,13.7761,28.0677,10.8352,143.013,,,,,,,,,
"August 03, 2023",61.6126,23.3143,8.2303,27.3133,19.3613,139.8318,,,,,,,,,
"August 04, 2023",58.3963,10.3735,11.1178,13.3609,1.3313,94.5798,,,,,,,,,
"August 05, 2023",54.2609,5.7796,17.1235,17.4849,12.9664,107.6153,,,,,,,,,
"August 06, 2023",37.5242,11.5566,9.6453,18.9679,1.4821,79.1761,,,,,,,,,
"August 07, 2023",39.8489,19.8769,14.4237,30.1109,7.5094,111.7698,,,,,,,,,
"August 08, 2023",61.9566,6.2856,10.5824,16.969,16.0763,111.8699,,,,,,,,,
"August 09, 2023",53.1929,17.4092,8.1454,15.2676,8.6694,102.6845,,,,,,,,,
"August 10, 2023",35.2759,19.9211,10.8944,33.9362,19.9436,119.9712,,,,,,,,,
"August 11, 2023",38.0441,13.3561,19.7105,10.2216,11.1812,92.5135,,,,,,,,,
"August 12, 2023",54.9051,24.2728,17.6184,34.9455,6.4232,138.165,,,,,,,,,
"August 13, 2023",35.1518,7.665,19.5149,26.9205,4.4022,93.6544,,,,,,,,,
"August 14, 2023",39.8242,6.8784,13.8542,30.7117,7.0104,98.2789,,,,,,,,,
"August 15, 2023",51.462,23.2047,9.3168,17.3655,7.4507,108.7997,,,,,,,,,
"August 16, 2023",55.7569,17.3873,14.5755,10.3579,1.3743,99.4519,,,,,,,,,
"August 17, 2023",54.5588,22.2101,13.4525,28.4467,7.3915,126.0596,,,,,,,,,
"August 18, 2023",41.7281,15.8707,18.1323,30.8536,9.2848,115.8695,,,,,,,,,
"August 19, 2023",56.3654,11.1601,9.177,28.5119,14.4548,119.6692,,,,,,,,,
"August 20, 2023",42.1175,25.4776,13.8589,13.5713,13.1346,108.1599,,,,,,,,,
"August 21, 2023",44.762,24.9854,9.8006,28.8357,14.1753,122.559,,,,,,,,,
"August 22, 2023",57.3947,22.3674,11.8961,29.2231,0.1673,121.0486,,,,,,,,,
"August 23, 2023",54.489,11.8036,16.8483,26.4635,4.3533,113.9577,,,,,,,,,
"August 24, 2023",60.4767,19.7558,13.7122,29.1529,13.2337,136.3313,,,,,,,,,
"August 25, 2023",54.7284,14.0243,12.5107,31.148,9.6798,122.0912,,,,,,,,,
"August 26, 2023",52.0493,7.2896,12.7337,25.3401,0.1063,97.519,,,,,,,,,
"August 27, 2023",37.8102,27.9328,13.5134,12.2151,16.0899,107.5614,,,,,,,,,
"August 28, 2023",46.0315,8.4205,17.4202,22.1907,15.4562,109.5191,,,,,,,,,
"August 29, 2023",42.9561,28.7559,18.705,11.9412,10.9684,113.3266,,,,,,,,,
"August 30, 2023",42.3197,16.1501,19.464,20.1886,1.3293,99.4517,,,,,,,,,
"August 31, 2023",64.1903,9.6283,17.4428,20.1777,15.3303,126.7694,,,,,,,,,
"September 01, 2023",46.7929,18.5475,11.7849,11.6502,11.6743,100.4498,,,,,,,,,
"September 02, 2023",61.7614,26.8236,16.2576,18.7205,15.6392,139.2023,,,,,,,,,
"September 03, 2023",53.9342,23.3056,13.2512,12.775,15.0349,118.3009,,,,,,,,,
"September 04, 2023",58.8443,25.164,11.056,30.2059,16.06,141.3302,,,,,,,,,
"September 05, 2023",50.0791,21.4696,18.0905,33.6922,10.3602,133.6916,,,,,,,,,
"September 06, 2023",52.3071,22.3069,8.4611,11.8079,2.8065,97.6895,,,,,,,,,
"September 07, 2023",49.7755,26.2299,18.8211,33.8779,13.4231,142.1275,,,,,,,,,
"September 08, 2023",40.8573,11.2417,13.5377,23.0644,12.4095,101.1106,,,,,,,,,
"September 09, 2023",56.6736,17.2356,15.6464,17.4891,14.8451,121.8898,,,,,,,,,
"September 10, 2023",43.4232,10.5302,15.9122,11.9216,3.3976,85.1848,,,,,,,,,
"September 11, 2023",35.7295,29.6917,18.7414,22.5156,3.8995,110.5777,,,,,,,,,
"September 12, 2023",54.3642,28.6015,15.64,29.8629,17.8082,146.2768,,,,,,,,,
"September 13, 2023",40.3133,5.9857,15.3672,27.6772,14.9996,104.343,,,,,,,,,
"September 14, 2023",63.2138,22.6394,8.7998,11.2557,18.1646,124.0733,,,,,,,,,
"September 15, 2023",63.6179,28.1312,14.2209,11.8225,15.1743,132.9668,,,,,,,,,
"September 16, 2023",62.4459,9.5144,9.802,20.0718,11.9431,113.7772,,,,,,,,,
"September 17, 2023",46.1048,19.1986,16.8492,17.3823,13.0827,112.6176,,,,,,,,,
"September 18, 2023",35.4637,27.8872,14.1467,15.8096,17.7826,111.0898,,,,,,,,,
"September 19, 2023",62.8496,5.8486,16.1627,17.0251,11.5761,113.4621,,,,,,,,,
"September 20, 2023",47.8455,22.4355,8.5001,30.0871,12.6478,121.516,,,,,,,,,
"September 21, 2023",63.9996,12.4337,9.0175,33.2307,3.1295,121.811,,,,,,,,,
"September 22, 2023",63.9086,28.1099,16.5959,20.1276,9.4784,138.2204,,,,,,,,,
"September 23, 2023",60.5903,29.2765,8.865,32.6528,14.3279,145.7125,,,,,,,,,
"September 24, 2023",43.8335,28.6067,8.8551,18.0374,5.4189,104.7516,,,,,,,,,
"September 25, 2023",46.5529,16.8554,8.1453,21.9109,4.0451,97.5096,,,,,,,,,
"September 26, 2023",60.5341,26.5511,19.478,15.6507,6.2765,128.4904,,,,,,,,,
"September 27, 2023",44.5077,26.1137,16.8501,26.0119,4.83,118.3134,,,,,,,,,
"September 28, 2023",40.0848,12.9775,12.239,34.4745,4.2983,104.0741,,,,,,,,,
"September 29, 2023",51.704,25.7229,11.5584,25.0873,8.497,122.5696,,,,,,,,,
"September 30, 2023",63.0846,5.9252,12.1964,18.9454,18.1568,118.3084,,,,,,,,,
"October 01, 2023",55.8809,19.9067,17.2958,26.1954,10.1412,129.42,,,,,,,,,
"October 02, 2023",52.1018,10.7502,15.9364,13.073,3.7584,95.6198,,,,,,,,,
"October 03, 2023",37.9153,8.0142,10.2223,32.2165,1.5394,89.9077,,,,,,,,,
"October 04, 2023",53.4502,6.9238,10.0893,22.5771,13.9231,106.9635,,,,,,,,,
"October 05, 2023",64.7016,22.4072,9.1807,21.2337,7.656,125.1792,,,,,,,,,
"October 06, 2023",39.2025,13.4969,15.9236,24.6466,16.4366,109.7062,,,,,,,,,
"October 07, 2023",50.5499,23.1192,17.1725,25.6196,13.1902,129.6514,,,,,,,,,
"October 08, 2023",61.3212,6.6339,11.1806,11.7944,15.9248,106.8549,,,,,,,,,
"October 09, 2023",57.2231,12.8823,8.2513,27.0654,5.4389,110.861,,,,,,,,,
"October 10, 2023",55.9105,18.4873,8.9861,16.0483,13.8472,113.2794,,,,,,,,,
"October 11, 2023",56.0745,24.7681,19.6143,27.8488,5.2812,133.5869,,,,,,,,,
"October 12, 2023",45.7847,12.9688,11.5453,30.5634,18.7814,119.6436,,,,,,,,,
"October 13, 2023",43.8078,20.6473,17.2307,30.099,12.7275,124.5123,,,,,,,,,
"October 14, 2023",59.2808,27.1494,15.496,23.8125,6.4902,132.2289,,,,,,,,,
"October 15, 2023",59.3034,20.3966,12.5833,23.0042,5.3902,120.6777,,,,,,,,,
"October 16, 2023",61.0122,10.824,10.4682,13.5719,3.8185,99.6948,,,,,,,,,
"October 17, 2023",62.3972,5.61,9.4566,29.3837,13.8928,120.7403,,,,,,,,,
"October 18, 2023",50.3403,26.7525,15.3802,16.7852,4.3743,113.6325,,,,,,,,,
"October 19, 2023",50.0455,5.5317,17.2956,22.4174,11.9061,107.1963,,,,,,,,,
"October 20, 2023",58.9489,26.8675,15.7269,17.1069,5.2927,123.9429,,,,,,,,,
"October 21, 2023",54.4989,18.2234,14.3636,13.3457,13.2394,113.671,,,,,,,,,
"October 22, 2023",56.059,28.4767,8.5034,25.7389,16.2988,135.0768,,,,,,,,,
"October 23, 2023",58.8738,24.9696,19.6219,11.3583,15.5605,130.3841,,,,,,,,,
"October 24, 2023",61.7002,29.9484,17.5846,28.7161,15.217,153.1663,,,,,,,,,
"October 25, 2023",45.1399,13.7678,11.5139,17.9397,3.7544,92.1157,,,,,,,,,
"October 26, 2023",46.2675,24.1797,19.7596,10.0034,1.7677,101.9779,,,,,,,,,
"October 27, 2023",37.8195,15.0483,15.2226,22.7782,13.979,104.8476,,,,,,,,,
"October 28, 2023",52.3484,16.9969,14.9891,11.1713,7.3669,102.8726,,,,,,,,,
"October 29, 2023",36.0783,20.6876,16.9769,16.9042,8.6469,99.2939,,,,,,,,,
"October 30, 2023",48.9679,26.8419,17.7412,27.6744,0.623,121.8484,,,,,,,,,
"October 31, 2023",51.2793,29.6021,15.8777,11.5672,5.1915,113.5178,,,,,,,,,
"November 01, 2023",43.5962,24.2068,9.5371,30.9835,0.6735,108.9971,,,,,,,,,
"November 02, 2023",52.725,15.4442,12.0592,10.0955,17.5837,107.9076,,,,,,,,,
"November 03, 2023",35.915,15.5339,19.137,16.1706,4.8679,91.6244,,,,,,,,,
"November 04, 2023",36.1204,23.4396,10.6954,28.5226,11.1467,109.9247,,,,,,,,,
"November 05, 2023",59.678,10.9694,12.466,17.9068,0.7796,101.7998,,,,,,,,,
"November 06, 2023",45.8057,7.7619,13.1849,12.5473,13.3369,92.6367,,,,,,,,,
"November 07, 2023",38.8118,13.8656,13.2729,19.0058,6.4605,91.4166,,,,,,,,,
"November 08, 2023",50.6673,12.181,15.3553,16.7598,17.9584,112.9218,,,,,,,,,
"November 09, 2023",58.0998,12.4077,19.3169,31.0678,17.7624,138.6546,,,,,,,,,
"November 10, 2023",41.4746,10.8402,10.8883,17.8337,6.5058,87.5426,,,,,,,,,
"November 11, 2023",53.6867,6.0523,9.458,29.7233,18.0192,116.9395,,,,,,,,,
"November 12, 2023",37.5604,5.4468,10.3696,32.2968,19.9232,105.5968,,,,,,,,,
"November 13, 2023",36.5505,29.6931,18.6431,20.8454,16.5083,122.2404,,,,,,,,,
"November 14, 2023",50.9406,15.6943,15.7497,32.7486,16.8974,132.0306,,,,,,,,,
"November 15, 2023",51.2191,14.6082,11.4309,19.433,4.9802,101.6714,,,,,,,,,
"November 16, 2023",54.1229,21.9912,17.7914,34.102,11.534,139.5415,,,,,,,,,
"November 17, 2023",56.7827,10.4563,18.3364,12.2322,1.3451,99.1527,,,,,,,,,
"November 18, 2023",64.2756,28.749,18.1582,27.1755,1.8984,140.2567,,,,,,,,,
"November 19, 2023",50.489,24.6586,19.0271,22.3454,19.9779,136.498,,,,,,,,,
"November 20, 2023",44.6887,7.2353,11.0269,19.6912,6.5328,89.1749,,,,,,,,,
"November 21, 2023",58.8556,15.4395,17.0605,25.8178,14.9637,132.1371,,,,,,,,,
"November 22, 2023",43.125,26.978,13.5265,27.5964,16.1333,127.3592,,,,,,,,,
"November 23, 2023",48.1691,28.6183,18.104,10.1091,17.1605,122.161,,,,,,,,,
"November 24, 2023",37.3537,16.685,16.7419,14.1738,19.9526,104.907,,,,,,,,,
"November 25, 2023",35.7605,20.3353,17.3174,27.8262,4.8299,106.0693,,,,,,,,,
"November 26, 2023",63.8795,9.1758,15.8739,26.6596,0.807,116.3958,,,,,,,,,
"November 27, 2023",60.0794,29.7792,10.1291,34.1512,8.2238,142.3627,,,,,,,,,
"November 28, 2023",55.8792,10.7918,14.5403,29.0259,2.6016,112.8388,,,,,,,,,
"November 29, 2023",47.2686,28.5683,19.816,33.7693,0.4485,129.8707,,,,,,,,,
"November 30, 2023",40.1988,21.2412,19.2487,27.5635,7.2085,115.4607,,,,,,,,,
"December 01, 2023",39.6931,20.1934,8.5181,17.4513,15.6748,101.5307,,,,,,,,,
"December 02, 2023",42.5073,17.8172,9.9778,12.6341,11.3236,94.26,,,,,,,,,
"December 03, 2023",51.4768,10.7667,9.5807,29.5456,6.2556,107.6254,,,,,,,,,
"December 04, 2023",56.4379,9.4132,16.7118,26.1037,13.0868,121.7534,,,,,,,,,
"December 05, 2023",54.8059,10.5122,17.8134,11.2047,4.6404,98.9766,,,,,,,,,
"December 06, 2023",43.398,9.661,10.5621,19.0013,0.2876,82.91,,,,,,,,,
"December 07, 2023",63.646,24.4896,14.0702,33.92,15.2871,151.4129,,,,,,,,,
"December 08, 2023",57.1369,13.7531,18.0884,22.51,12.4749,123.9633,,,,,,,,,
"December 09, 2023",51.6306,6.4461,16.7936,20.8182,15.2461,110.9346,,,,,,,,,
"December 10, 2023",53.3516,29.2276,14.5068,21.4425,0.7788,119.3073,,,,,,,,,
"December 11, 2023",47.588,27.0946,15.0842,15.2221,16.7424,121.7313,,,,,,,,,
"December 12, 2023",42.4319,28.1938,14.1003,19.2177,12.3905,116.3342,,,,,,,,,
"December 13, 2023",45.6792,29.8727,11.5706,19.2453,11.2679,117.6357,,,,,,,,,
"December 14, 2023",57.7354,9.3474,14.7803,11.3089,12.4923,105.6643,,,,,,,,,
"December 15, 2023",35.4318,14.9061,16.2666,29.1892,17.2887,113.0824,,,,,,,,,
"December 16, 2023",38.4822,23.956,18.4799,20.4126,11.7387,113.0694,,,,,,,,,
"December 17, 2023",36.3801,22.4005,15.6355,30.5545,11.619,116.5896,,,,,,,,,
"December 18, 2023",36.2219,8.8474,17.1335,31.2587,19.8136,113.2751,,,,,,,,,
"December 19, 2023",60.6638,25.3958,9.9209,15.2999,15.1346,126.415,,,,,,,,,
"December 20, 2023",56.1097,10.611,13.5387,26.4338,8.8459,115.5391,,,,,,,,,
"December 21, 2023",49.2252,10.5954,8.112,21.807,14.1479,103.8875,,,,,,,,,
"December 22, 2023",37.935,18.4244,10.9601,32.0039,7.7846,107.108,,,,,,,,,
"December 23, 2023",49.7485,19.8235,16.7175,15.3935,4.5775,106.2605,,,,,,,,,
"December 24, 2023",49.2042,19.5022,19.9017,26.9453,11.937,127.4904,,,,,,,,,
"December 25, 2023",40.1961,7.2872,9.1901,25.1938,18.5636,100.4308,,,,,,,,,
"December 26, 2023",48.0155,26.9365,12.8179,17.3825,18.5828,123.7352,,,,,,,,,
"December 27, 2023",46.9551,11.64,17.6009,13.415,6.8381,96.4491,,,,,,,,,
"December 28, 2023",53.4755,8.2379,10.4484,26.291,10.5535,109.0063,,,,,,,,,
"December 29, 2023",54.0528,27.2187,14.661,28.4649,4.2327,128.6301,,,,,,,,,
"December 30, 2023",36.3591,28.8913,16.7969,17.8907,19.9126,119.8506,,,,,,,,,
"December 31, 2023",46.2384,26.5532,15.3918,26.1208,19.6224,133.9266,,,,,,,,,
"January 01, 2024",53.7758,25.2379,10.2563,19.8783,12.9902,122.1385,,,,,,,,,
"January 02, 2024",50.0941,21.381,12.2646,27.8302,16.0883,127.6582,,,,,,,,,
"January 03, 2024",60.6947,18.7714,17.4055,14.9804,14.302,126.154,,,,,,,,,
"January 04, 2024",54.7608,7.1747,14.6507,32.2554,11.8632,120.7048,,,,,,,,,
"January 05, 2024",39.888,15.2113,8.0628,17.1852,1.067,81.4143,,,,,,,,,
"January 06, 2024",37.1171,14.3172,17.1319,19.1946,9.0953,96.8561,,,,,,,,,
"January 07, 2024",54.2726,11.4938,8.4237,11.4523,13.4957,99.1381,,,,,,,,,
"January 08, 2024",35.7953,23.0855,16.9488,12.7878,13.5506,102.168,,,,,,,,,
"January 09, 2024",52.5733,17.3969,10.4298,22.8965,7.4625,110.759,,,,,,,,,
"January 10, 2024",63.2069,7.0262,19.4969,16.6898,18.8338,125.2536,,,,,,,,,
"January 11, 2024",52.2642,10.5046,12.4153,30.887,3.3471,109.4182,,,,,,,,,
"January 12, 2024",46.6451,22.0815,11.9232,10.3673,10.0072,101.0243,,,,,,,,,
"January 13, 2024",54.2986,6.9033,9.7867,19.4774,13.8177,104.2837,,,,,,,,,
"January 14, 2024",48.7476,26.2802,11.6673,18.4336,13.9427,119.0714,,,,,,,,,
"January 15, 2024",51.3685,17.3787,18.5198,10.4832,12.9728,110.723,,,,,,,,,
"January 16, 2024",63.2439,17.0147,19.956,13.1092,5.5058,118.8296,,,,,,,,,
"January 17, 2024",46.5831,19.8102,12.4197,20.3411,3.1241,102.2782,,,,,,,,,
"January 18, 2024",63.8357,25.617,13.3833,22.3216,12.7188,137.8764,,,,,,,,,
"January 19, 2024",62.1605,13.6952,16.6649,20.1072,11.986,124.6138,,,,,,,,,
"January 20, 2024",40.8737,21.9504,18.6343,23.2734,3.5871,108.3189,,,,,,,,,
"January 21, 2024",37.0808,19.1433,15.1165,24.8783,14.1028,110.3217,,,,,,,,,
"January 22, 2024",38.0233,11.6757,12.6983,10.2481,9.1034,81.7488,,,,,,,,,
"January 23, 2024",35.5467,26.9657,12.9515,21.6024,13.3552,110.4215,,,,,,,,,
"January 24, 2024",37.8333,24.9357,16.3474,34.0875,16.7473,129.9512,,,,,,,,,
"January 25, 2024",55.4902,21.4613,8.0386,22.9758,3.3946,111.3605,,,,,,,,,
"January 26, 2024",37.1357,26.2645,15.4351,26.9386,0.3829,106.1568,,,,,,,,,
"January 27, 2024",44.5693,26.6824,12.2659,17.7966,15.5821,116.8963,,,,,,,,,
"January 28, 2024",60.3463,22.7091,17.5304,29.3498,12.1939,142.1295,,,,,,,,,
"January 29, 2024",35.6982,25.9253,9.1159,29.323,13.9928,114.0552,,,,,,,,,
"January 30, 2024",59.4341,22.4368,15.0584,23.0324,16.7631,136.7248,,,,,,,,,
"January 31, 2024",43.4556,22.0035,13.7717,34.4003,16.0562,129.6873,,,,,,,,,
"February 01, 2024",38.5449,20.4653,15.7079,13.1388,19.2184,107.0753,,,,,,,,,
"February 02, 2024",55.9021,23.8179,8.7782,10.4237,10.7187,109.6406,,,,,,,,,
"February 03, 2024",53.8683,8.9651,14.9598,29.254,9.7699,116.8171,,,,,,,,,
"February 04, 2024",61.3242,27.0218,14.7378,30.1789,8.0377,141.3004,,,,,,,,,
"February 05, 2024",57.0521,26.7961,14.7279,13.0052,3.0738,114.6551,,,,,,,,,
"February 06, 2024",59.1044,5.7312,15.2419,16.6396,11.4521,108.1692,,,,,,,,,
"February 07, 2024",43.461,25.6454,16.1176,10.4388,5.5403,101.2031,,,,,,,,,
"February 08, 2024",40.3232,8.2217,17.6599,17.3327,18.4262,101.9637,,,,,,,,,
"February 09, 2024",57.5184,13.378,11.2378,29.3285,11.6638,123.1265,,,,,,,,,
"February 10, 2024",59.205,23.5877,17.9006,22.949,11.8568,135.4991,,,,,,,,,
"February 11, 2024",64.7152,9.019,13.9791,18.7024,7.0985,113.5142,,,,,,,,,
"February 12, 2024",47.3785,25.4492,8.9247,19.2935,1.0398,102.0857,,,,,,,,,
"February 13, 2024",46.1605,25.8034,8.7026,10.0338,0.6349,91.3352,,,,,,,,,
"February 14, 2024",58.2924,17.6867,12.0109,17.495,8.4667,113.9517,,,,,,,,,
"February 15, 2024",45.2241,5.1596,17.4188,26.1615,1.6913,95.6553,,,,,,,,,
"February 16, 2024",62.9227,12.176,16.4922,34.3549,12.1369,138.0827,,,,,,,,,
"February 17, 2024",60.7524,20.4232,17.4634,31.1765,17.6195,147.435,,,,,,,,,
"February 18, 2024",47.8698,29.5297,14.2072,10.5899,17.6583,119.8549,,,,,,,,,
"February 19, 2024",57.5261,20.7953,13.2824,32.464,13.1809,137.2487,,,,,,,,,
"February 20, 2024",57.6363,11.4951,9.7694,29.58,4.2246,112.7054,,,,,,,,,
"February 21, 2024",38.0937,20.8501,11.9383,29.5094,17.2599,117.6514,,,,,,,,,
"February 22, 2024",62.0766,18.4996,13.2082,21.4499,17.7219,132.9562,,,,,,,,,
"February 23, 2024",50.1576,24.4961,9.0632,19.9501,3.9331,107.6001,,,,,,,,,
"February 24, 2024",59.7937,7.6745,10.6473,17.5729,14.7485,110.4369,,,,,,,,,
"February 25, 2024",44.6015,24.0257,15.1787,11.6424,5.7304,101.1787,,,,,,,,,
"February 26, 2024",61.8657,18.5317,16.828,15.7059,16.0528,128.9841,,,,,,,,,
"February 27, 2024",46.6761,29.0748,19.9802,16.1651,19.9448,131.841,,,,,,,,,
"February 28, 2024",35.3251,13.5468,19.1974,22.1019,0.6005,90.7717,,,,,,,,,
"February 29, 2024",62.1615,20.8155,15.7108,28.6861,17.9473,145.3212,,,,,,,,,
"March 01, 2024",37.7386,28.3007,13.055,21.8452,12.4526,113.3921,,,,,,,,,
"March 02, 2024",44.5794,7.5627,15.6341,11.4461,19.4677,98.69,,,,,,,,,
"March 03, 2024",63.5019,28.4307,17.4278,33.9447,9.3002,152.6053,,,,,,,,,
"March 04, 2024",63.5182,22.1971,9.42,33.5681,16.9478,145.6512,,,,,,,,,
"March 05, 2024",52.2031,6.6959,12.9189,29.6297,1.2479,102.6955,,,,,,,,,
"March 06, 2024",53.9551,12.5241,18.0776,34.7832,6.7056,126.0456,,,,,,,,,
"March 07, 2024",48.4534,22.7043,12.606,23.6121,1.3403,108.7161,,,,,,,,,
"March 08, 2024",43.7963,6.6838,14.8625,34.0692,19.5069,118.9187,,,,,,,,,
"March 09, 2024",44.8599,19.5543,15.0532,11.8901,16.3395,107.697,,,,,,,,,
"March 10, 2024",55.1756,13.6471,10.2137,19.142,17.0509,115.2293,,,,,,,,,
"March 11, 2024",57.5712,20.5229,12.3468,15.6345,18.7593,124.8347,,,,,,,,,
"March 12, 2024",58.7474,6.1436,12.0141,14.8958,1.7021,93.503,,,,,,,,,
"March 13, 2024",58.6885,26.7884,8.3144,13.5201,7.712,115.0234,,,,,,,,,
"March 14, 2024",37.7362,29.3372,8.2903,25.5603,1.4207,102.3447,,,,,,,,,
"March 15, 2024",49.8326,29.2219,17.9804,29.533,4.2159,130.7838,,,,,,,,,
"March 16, 2024",36.7268,23.7413,11.2768,24.4575,4.5873,100.7897,,,,,,,,,
"March 17, 2024",51.4859,8.2522,14.2169,13.6741,9.3821,97.0112,,,,,,,,,
"March 18, 2024",48.2459,23.9566,11.5847,30.2781,5.3712,119.4365,,,,,,,,,
"March 19, 2024",61.6311,5.6147,19.2882,25.8989,2.0196,114.4525,,,,,,,,,
"March 20, 2024",45.5275,5.5531,11.1116,19.7041,3.3498,85.2461,,,,,,,,,
"March 21, 2024",38.512,13.0903,13.1559,26.8533,2.9455,94.557,,,,,,,,,
"March 22, 2024",39.2898,17.2161,18.4728,16.4976,19.4615,110.9378,,,,,,,,,
"March 23, 2024",57.8453,24.2602,18.1032,18.6298,15.1859,134.0244,,,,,,,,,
"March 24, 2024",53.5465,22.0824,10.2332,32.9371,19.3552,138.1544,,,,,,,,,
"March 25, 2024",38.0337,16.1476,17.6317,17.2626,8.7948,97.8704,,,,,,,,,
"March 26, 2024",37.5232,11.8407,13.4982,21.7497,5.5674,90.1792,,,,,,,,,
"March 27, 2024",56.0291,29.9281,13.7956,32.2535,15.9659,147.9722,,,,,,,,,
"March 28, 2024",37.1829,15.6545,9.6018,27.693,6.5251,96.6573,,,,,,,,,
"March 29, 2024",59.6558,16.2847,8.9672,11.5551,5.9877,102.4505,,,,,,,,,
"March 30, 2024",56.1873,9.0906,16.7353,13.6826,4.6501,100.3459,,,,,,,,,
"March 31, 2024",37.4405,24.8702,13.9575,10.196,2.5936,89.0578,,,,,,,,,
"April 01, 2024",37.5451,22.3421,13.2422,25.773,5.1293,104.0317,,,,,,,,,
"April 02, 2024",64.5992,10.5192,16.7541,21.1918,7.1064,120.1707,,,,,,,,,
"April 03, 2024",46.2281,7.0595,17.1862,13.3569,13.4799,97.3106,,,,,,,,,
"April 04, 2024",46.1193,22.0125,9.9069,33.9484,1.2513,113.2384,,,,,,,,,
"April 05, 2024",59.384,21.3628,15.3227,23.2415,4.2101,123.5211,,,,,,,,,
"April 06, 2024",63.4175,11.8315,9.6242,16.0473,16.1805,117.101,,,,,,,,,
"April 07, 2024",64.58,28.7716,17.0165,22.5151,2.9384,135.8216,,,,,,,,,
"April 08, 2024",57.6013,8.7764,15.8835,26.9905,6.8529,116.1046,,,,,,,,,
"April 09, 2024",46.2878,15.8084,19.4794,11.906,17.2932,110.7748,,,,,,,,,
"April 10, 2024",37.505,28.5904,8.8275,16.8676,3.0985,94.889,,,,,,,,,
"April 11, 2024",58.3144,15.4932,8.6847,30.1741,1.6547,114.3211,,,,,,,,,
"April 12, 2024",51.7521,20.9631,11.3862,21.4916,9.6908,115.2838,,,,,,,,,
"April 13, 2024",47.7267,14.9399,11.1405,23.6644,6.0484,103.5199,,,,,,,,,
"April 14, 2024",62.1906,11.8554,10.9637,20.8204,11.2682,117.0983,,,,,,,,,
"April 15, 2024",38.3359,29.5994,18.8751,11.0975,16.0761,113.984,,,,,,,,,
"April 16, 2024",49.7788,15.2334,10.9946,14.1437,2.743,92.8935,,,,,,,,,
"April 17, 2024",35.3406,27.3525,11.2634,21.1385,11.614,106.709,,,,,,,,,
"April 18, 2024",49.0598,10.7489,17.1128,15.2296,10.1102,102.2613,,,,,,,,,
"April 19, 2024",36.6891,10.3276,13.3969,11.2495,2.8816,74.5447,,,,,,,,,
"April 20, 2024",38.5645,5.7784,17.3205,31.0912,12.48,105.2346,,,,,,,,,
"April 21, 2024",38.5258,21.2917,8.7844,34.5298,5.4728,108.6045,,,,,,,,,
"April 22, 2024",54.4763,14.2132,13.8509,29.8286,9.7567,122.1257,,,,,,,,,
"April 23, 2024",57.3813,26.609,8.4034,31.3446,1.6454,125.3837,,,,,,,,,
"April 24, 2024",52.5011,16.8302,8.7518,16.0494,9.1917,103.3242,,,,,,,,,
"April 25, 2024",63.8652,29.2048,18.8772,34.0157,6.1293,152.0922,,,,,,,,,
"April 26, 2024",46.2461,9.6381,9.6709,14.9231,16.4476,96.9258,,,,,,,,,
"April 27, 2024",43.5714,26.7156,14.389,33.7857,1.1396,119.6013,,,,,,,,,
"April 28, 2024",61.058,24.4149,12.9331,34.8705,8.3721,141.6486,,,,,,,,,
"April 29, 2024",41.7079,24.273,12.1681,27.7931,9.1686,115.1107,,,,,,,,,
"April 30, 2024",63.8967,26.1196,18.798,34.5286,14.5001,157.843,,,,,,,,,
"May 01, 2024",35.3646,24.0256,8.2619,24.2385,11.4858,103.3764,,,,,,,,,
"May 02, 2024",64.0964,20.6555,15.9655,16.4885,13.3442,130.5501,,,,,,,,,
"May 03, 2024",36.2948,8.2811,19.5607,20.9249,15.541,100.6025,,,,,,,,,
"May 04, 2024",61.7343,5.8132,14.722,24.839,17.2441,124.3526,,,,,,,,,
"May 05, 2024",50.831,28.0212,19.2419,11.827,6.2775,116.1986,,,,,,,,,
"May 06, 2024",64.7889,20.4163,8.6271,25.5586,10.7605,130.1514,,,,,,,,,
"May 07, 2024",37.2139,24.9134,13.0255,34.5294,16.8022,126.4844,,,,,,,,,
"May 08, 2024",51.6156,17.0381,11.1219,14.7527,19.789,114.3173,,,,,,,,,
"May 09, 2024",64.0791,7.9327,16.7699,29.8149,17.7904,136.387,,,,,,,,,
"May 10, 2024",50.6929,8.1296,19.7756,32.6975,7.4293,118.7249,,,,,,,,,
"May 11, 2024",53.882,22.1391,11.0784,33.5925,3.9033,124.5953,,,,,,,,,
"May 12, 2024",55.8725,15.7576,15.8501,34.0034,9.7879,131.2715,,,,,,,,,
"May 13, 2024",48.6362,10.0131,10.3772,23.0365,14.8328,106.8958,,,,,,,,,
"May 14, 2024",53.8267,17.2899,14.784,34.4327,9.8514,130.1847,,,,,,,,,
"May 15, 2024",52.5294,6.6052,13.5672,28.9328,9.6636,111.2982,,,,,,,,,
"May 16, 2024",62.0347,19.5493,19.6641,14.0418,16.7646,132.0545,,,,,,,,,
"May 17, 2024",36.3634,11.7248,15.3023,21.9225,7.2281,92.5411,,,,,,,,,
"May 18, 2024",43.4289,24.939,12.1941,27.9583,17.1959,125.7162,,,,,,,,,
"May 19, 2024",63.5123,12.759,9.3691,16.1835,8.1361,109.96,,,,,,,,,
"May 20, 2024",61.7079,16.3805,9.815,26.0154,6.5647,120.4835,,,,,,,,,
"May 21, 2024",48.6697,5.2905,10.7038,26.665,9.0798,100.4088,,,,,,,,,
"May 22, 2024",53.604,6.8112,11.0116,14.0675,15.2489,100.7432,,,,,,,,,
"May 23, 2024",43.3214,14.8123,18.2074,24.1271,2.52,102.9882,,,,,,,,,
"May 24, 2024",40.6436,16.9985,14.7347,29.2907,3.9284,105.5959,,,,,,,,,
"May 25, 2024",48.911,20.0005,14.2807,22.4724,19.0289,124.6935,,,,,,,,,
"May 26, 2024",45.6006,12.2916,9.3772,10.3026,3.5098,81.0818,,,,,,,,,
"May 27, 2024",52.5097,22.3745,18.3217,10.226,11.3545,114.7864,,,,,,,,,
"May 28, 2024",37.332,26.5031,16.6738,18.9257,11.5863,111.0209,,,,,,,,,
"May 29, 2024",64.2318,24.4963,8.812,33.1549,9.7925,140.4875,,,,,,,,,
"May 30, 2024",64.5863,5.9905,16.494,15.7169,12.8949,115.6826,,,,,,,,,
"May 31, 2024",55.9449,17.0127,14.5225,25.8591,4.5965,117.9357,,,,,,,,,
"June 01, 2024",51.0829,7.6233,8.9807,15.5519,11.0532,94.292,,,,,,,,,
"June 02, 2024",44.2858,11.0511,13.4996,18.0417,7.4435,94.3217,,,,,,,,,
"June 03, 2024",59.4139,29.6666,13.8164,31.2011,13.2333,147.3313,,,,,,,,,
"June 04, 2024",55.5419,8.5624,9.9893,28.2215,2.8245,105.1396,,,,,,,,,
"June 05, 2024",39.8785,17.4722,19.3484,12.385,11.4175,100.5016,,,,,,,,,
"June 06, 2024",62.3278,20.4539,18.1997,20.7176,3.7054,125.4044,,,,,,,,,
"June 07, 2024",59.6761,22.5616,16.0283,10.7292,5.5729,114.5681,,,,,,,,,
"June 08, 2024",63.494,18.9912,13.5475,22.0223,4.3742,122.4292,,,,,,,,,
"June 09, 2024",56.7716,5.2443,12.9412,26.5609,3.6568,105.1748,,,,,,,,,
"June 10, 2024",53.4025,13.1615,15.8117,12.9626,16.5142,111.8525,,,,,,,,,
"June 11, 2024",47.5473,17.9428,14.5452,17.2221,5.7142,102.9716,,,,,,,,,
"June 12, 2024",62.9819,7.1967,8.7473,19.9459,18.5425,117.4143,,,,,,,,,
"June 13, 2024",60.9819,13.7657,14.15,32.9883,19.3985,141.2844,,,,,,,,,
"June 14, 2024",36.3566,5.8301,17.6768,34.8314,11.4252,106.1201,,,,,,,,,
"June 15, 2024",35.791,6.9645,13.5109,11.1228,2.86,70.2492,,,,,,,,,
"June 16, 2024",46.2939,14.9231,8.6235,29.0252,7.491,106.3567,,,,,,,,,
"June 17, 2024",59.3166,8.3179,17.4353,19.2931,15.9546,120.3175,,,,,,,,,
"June 18, 2024",64.6183,19.1885,10.4164,19.8115,7.3478,121.3825,,,,,,,,,
"June 19, 2024",39.5125,22.2366,11.1035,28.8566,1.7403,103.4495,,,,,,,,,
"June 20, 2024",52.8239,25.0147,9.9765,32.9607,11.1357,131.9115,,,,,,,,,
"June 21, 2024",46.4267,10.0038,11.9626,33.7732,16.9024,119.0687,,,,,,,,,
"June 22, 2024",64.0974,9.1871,17.081,24.4281,15.9185,130.7121,,,,,,,,,
"June 23, 2024",60.2636,7.6142,14.2326,18.928,3.5025,104.5409,,,,,,,,,
"June 24, 2024",60.1499,20.9108,10.4586,29.6887,13.4553,134.6633,,,,,,,,,
"June 25, 2024",49.0608,22.6619,18.534,16.275,4.4101,110.9418,,,,,,,,,
"June 26, 2024",47.4446,5.7897,18.555,24.1019,4.3642,100.2554,,,,,,,,,
"June 27, 2024",43.2022,28.4053,18.4469,18.9645,17.4814,126.5003,,,,,,,,,
"June 28, 2024",36.6913,6.2993,10.8656,26.4158,4.9934,85.2654,,,,,,,,,
"June 29, 2024",60.9417,18.5324,13.4149,16.01,5.2649,114.1639,,,,,,,,,
"June 30, 2024",59.387,22.7265,19.8199,14.7898,0.0131,116.7363,,,,,,,,,
"July 01, 2024",64.9915,26.7742,17.2641,32.956,17.4134,159.3992,,,,,,,,,
"July 02, 2024",64.8991,22.8522,8.326,12.5451,15.8519,124.4743,,,,,,,,,
"July 03, 2024",51.663,25.0432,8.7825,22.6489,12.5466,120.6842,,,,,,,,,
"July 04, 2024",58.0696,13.4863,13.5672,15.5213,15.0053,115.6497,,,,,,,,,
"July 05, 2024",63.343,25.3706,18.9106,10.9732,3.041,121.6384,,,,,,,,,
"July 06, 2024",60.4894,7.0029,14.4644,10.9005,9.1665,102.0237,,,,,,,,,
"July 07, 2024",42.4204,27.3704,13.9738,14.3805,7.0244,105.1695,,,,,,,,,
"July 08, 2024",48.5163,18.6898,9.2657,31.6693,1.8755,110.0166,,,,,,,,,
"July 09, 2024",38.8748,25.4324,15.8814,17.062,9.7226,106.9732,,,,,,,,,
"July 10, 2024",63.6215,16.308,17.8652,33.7615,18.4148,149.971,,,,,,,,,
"July 11, 2024",53.1852,21.0894,12.565,24.5406,0.8012,112.1814,,,,,,,,,
"July 12, 2024",41.8593,18.1601,17.3073,20.9154,5.8292,104.0713,,,,,,,,,
"July 13, 2024",55.151,23.2897,19.5737,24.5022,4.1508,126.6674,,,,,,,,,
"July 14, 2024",53.5438,7.0407,10.4452,22.9175,4.7629,98.7101,,,,,,,,,
"July 15, 2024",45.7449,6.5088,14.28,28.9694,18.1687,113.6718,,,,,,,,,
"July 16, 2024",38.4067,11.1776,11.4457,17.0624,9.3614,87.4538,,,,,,,,,
"July 17, 2024",55.1472,8.9886,17.5143,18.8263,9.326,109.8024,,,,,,,,,
"July 18, 2024",50.6092,26.7946,14.9311,32.3524,15.2115,139.8988,,,,,,,,,
"July 19, 2024",58.1696,10.4803,15.615,33.6614,3.0898,121.0161,,,,,,,,,
"July 20, 2024",50.6049,29.3966,17.575,32.314,9.7453,139.6358,,,,,,,,,
"July 21, 2024",60.5654,13.4224,12.7516,20.4862,8.5997,115.8253,,,,,,,,,
"July 22, 2024",51.5572,9.5529,18.9811,29.5091,11.9382,121.5385,,,,,,,,,
"July 23, 2024",51.8281,24.7425,14.3963,21.9084,19.9912,132.8665,,,,,,,,,
"July 24, 2024",61.2996,21.4677,9.8955,22.4385,15.389,130.4903,,,,,,,,,
"July 25, 2024",47.1045,17.4549,16.3508,15.117,7.9573,103.9845,,,,,,,,,
"July 26, 2024",39.0205,18.8841,17.5191,24.7783,16.5511,116.7531,,,,,,,,,
"July 27, 2024",35.8635,22.98,11.8011,14.6534,3.4142,88.7122,,,,,,,,,
"July 28, 2024",57.6541,10.7114,18.2862,18.2891,0.6093,105.5501,,,,,,,,,
"July 29, 2024",53.6093,29.9083,18.8737,31.3758,4.089,137.8561,,,,,,,,,
"July 30, 2024",56.1224,29.3698,11.3229,15.1769,6.8082,118.8002,,,,,,,,,
"July 31, 2024",41.3889,21.2581,19.8023,11.779,10.2116,104.4399,,,,,,,,,
"August 01, 2024",39.0911,9.9886,9.6885,11.7252,12.3026,82.796,,,,,,,,,
"August 02, 2024",35.4363,22.0057,10.4242,33.5196,18.2121,119.5979,,,,,,,,,
"August 03, 2024",45.5176,6.805,10.2107,22.673,10.1971,95.4034,,,,,,,,,
"August 04, 2024",52.6975,5.7663,18.7279,20.2353,10.0255,107.4525,,,,,,,,,
"August 05, 2024",46.7673,11.4421,15.8515,30.272,1.0049,105.3378,,,,,,,,,
"August 06, 2024",48.1242,16.5656,9.8253,30.8956,0.6982,106.1089,,,,,,,,,
"August 07, 2024",62.1248,26.7068,13.2839,18.3048,11.0232,131.4435,,,,,,,,,
"August 08, 2024",45.4477,23.1792,15.3836,27.3405,8.7636,120.1146,,,,,,,,,
"August 09, 2024",50.4197,23.5677,9.0016,29.2781,16.7836,129.0507,,,,,,,,,
"August 10, 2024",58.5096,15.6373,18.589,26.3663,3.2136,122.3158,,,,,,,,,
"August 11, 2024",46.8963,13.6484,17.6432,13.7899,0.4994,92.4772,,,,,,,,,
"August 12, 2024",53.6626,14.276,14.0625,31.8971,8.9808,122.879,,,,,,,,,
"August 13, 2024",60.8709,29.6912,19.6055,23.4774,4.7496,138.3946,,,,,,,,,
"August 14, 2024",63.4856,6.0027,13.0131,17.0618,0.9923,100.5555,,,,,,,,,
"August 15, 2024",39.4122,26.6758,19.8093,20.6307,14.492,121.02,,,,,,,,,
"August 16, 2024",62.7976,19.4669,16.015,10.9393,2.2319,111.4507,,,,,,,,,
"August 17, 2024",49.7635,15.9654,15.6161,13.1967,12.1664,106.7081,,,,,,,,,
"August 18, 2024",42.7473,23.1314,9.9915,29.1387,5.621,110.6299,,,,,,,,,
"August 19, 2024",48.7741,17.1667,18.5831,10.0003,3.4699,97.9941,,,,,,,,,
"August 20, 2024",64.401,26.8356,13.1299,20.4141,7.595,132.3756,,,,,,,,,
"August 21, 2024",49.7785,27.5175,9.9468,23.0628,16.0289,126.3345,,,,,,,,,
"August 22, 2024",44.8625,15.543,8.1513,11.3659,7.8419,87.7646,,,,,,,,,
"August 23, 2024",54.002,11.9207,14.7171,34.327,15.0154,129.9822,,,,,,,,,
"August 24, 2024",42.2044,19.8088,14.3288,15.6531,2.5097,94.5048,,,,,,,,,
"August 25, 2024",37.2759,27.8091,16.6322,17.605,15.4554,114.7776,,,,,,,,,
"August 26, 2024",38.8664,10.2666,18.6831,17.5986,4.7387,90.1534,,,,,,,,,
"August 27, 2024",38.8414,20.5742,8.9529,15.7604,13.5479,97.6768,,,,,,,,,
"August 28, 2024",39.5571,20.789,16.778,10.0368,11.3156,98.4765,,,,,,,,,
"August 29, 2024",39.1648,23.3278,10.2489,28.2336,18.5829,119.558,,,,,,,,,
"August 30, 2024",54.2262,8.2892,18.2981,34.1711,7.7465,122.7311,,,,,,,,,
"August 31, 2024",40.4564,22.8956,17.8288,15.6073,1.3233,98.1114,,,,,,,,,
"September 01, 2024",45.37,27.7258,14.4895,26.5762,0.3831,114.5446,,,,,,,,,
"September 02, 2024",61.9037,9.4921,16.5229,28.5474,16.5372,133.0033,,,,,,,,,
"September 03, 2024",49.2188,10.9386,11.7722,31.2106,10.4947,113.6349,,,,,,,,,
"September 04, 2024",55.0267,29.2849,13.654,20.5657,15.5049,134.0362,,,,,,,,,
"September 05, 2024",40.1696,9.5244,17.8596,17.5733,4.6885,89.8154,,,,,,,,,
"September 06, 2024",40.7687,26.3596,13.5112,18.1324,6.9017,105.6736,,,,,,,,,
"September 07, 2024",36.2261,17.3069,12.2936,27.8155,0.6021,94.2442,,,,,,,,,
"September 08, 2024",40.0681,11.1808,13.9305,30.4195,19.2298,114.8287,,,,,,,,,
"September 09, 2024",43.3577,26.7687,17.939,14.5403,13.3574,115.9631,,,,,,,,,
"September 10, 2024",40.3103,16.1326,12.0225,19.2735,18.6641,106.403,,,,,,,,,
"September 11, 2024",37.6611,17.8704,10.0851,32.5485,5.3099,103.475,,,,,,,,,
"September 12, 2024",38.6191,13.9808,16.5442,30.1673,12.2293,111.5407,,,,,,,,,
"September 13, 2024",48.8234,19.8238,17.9117,34.6215,13.57,134.7504,,,,,,,,,
"September 14, 2024",41.19,9.0881,9.2076,28.8562,6.351,94.6929,,,,,,,,,
"September 15, 2024",45.9281,14.777,10.8785,19.8299,16.9622,108.3757,,,,,,,,,
"September 16, 2024",50.1025,29.2353,9.7037,24.7659,18.9432,132.7506,,,,,,,,,
"September 17, 2024",55.7118,11.4533,12.1753,26.5254,17.6971,123.5629,,,,,,,,,
"September 18, 2024",36.1794,21.4184,13.4042,11.9614,14.7813,97.7447,,,,,,,,,
"September 19, 2024",58.9823,13.1298,16.9859,23.6124,5.5493,118.2597,,,,,,,,,
"September 20, 2024",53.837,24.3368,15.8138,27.733,5.6323,127.3529,,,,,,,,,
"September 21, 2024",37.4528,8.2718,15.4511,14.183,19.2672,94.6259,,,,,,,,,
"September 22, 2024",61.2074,29.2455,12.2285,29.5158,0.2057,132.4029,,,,,,,,,
"September 23, 2024",62.6262,16.3447,18.0974,24.5943,14.321,135.9836,,,,,,,,,
"September 24, 2024",36.8323,10.9013,13.6554,33.8055,14.1249,109.3194,,,,,,,,,
"September 25, 2024",43.3063,6.8374,19.7493,11.0606,12.4538,93.4074,,,,,,,,,
"September 26, 2024",59.186,9.2439,15.6097,16.6332,19.8022,120.475,,,,,,,,,
"September 27, 2024",57.4478,17.9943,9.5152,25.0388,6.2376,116.2337,,,,,,,,,
"September 28, 2024",40.5356,13.4251,16.1141,17.414,6.7994,94.2882,,,,,,,,,
"September 29, 2024",41.2805,25.7221,11.9012,27.8606,1.5788,108.3432,,,,,,,,,
"September 30, 2024",46.1142,15.7722,16.2359,28.9751,8.856,115.9534,,,,,,,,,
"October 01, 2024",49.5357,11.2179,8.8357,12.5629,5.221,87.3732,,,,,,,,,
"October 02, 2024",53.5476,20.4286,10.0986,22.8464,6.8677,113.7889,,,,,,,,,
"October 03, 2024",46.0674,22.6694,18.2688,22.7223,16.6914,126.4193,,,,,,,,,
"October 04, 2024",48.876,9.176,10.7262,19.232,18.7097,106.7199,,,,,,,,,
"October 05, 2024",57.4241,9.1905,18.0445,33.3231,3.7147,121.6969,,,,,,,,,
"October 06, 2024",36.1005,5.9168,11.3513,30.6877,7.4502,91.5065,,,,,,,,,
"October 07, 2024",42.5731,23.4101,15.7146,27.4302,18.5726,127.7006,,,,,,,,,
"October 08, 2024",56.4005,21.5951,16.3298,27.8582,1.2362,123.4198,,,,,,,,,
"October 09, 2024",61.8562,16.8658,14.1519,21.5429,1.8472,116.264,,,,,,,,,
"October 10, 2024",50.3503,26.1043,11.6637,33.0249,3.2558,124.399,,,,,,,,,
"October 11, 2024",50.9634,25.1418,10.5517,27.3649,11.9043,125.9261,,,,,,,,,
"October 12, 2024",38.2152,19.6339,8.3983,28.2245,3.0094,97.4813,,,,,,,,,
"October 13, 2024",48.4224,26.7068,11.6474,31.5423,19.3615,137.6804,,,,,,,,,
"October 14, 2024",50.9785,10.146,15.838,16.8518,8.9343,102.7486,,,,,,,,,
"October 15, 2024",42.2741,7.798,19.2597,30.1768,10.0304,109.539,,,,,,,,,
"October 16, 2024",43.0773,11.7437,18.4545,14.881,4.9332,93.0897,,,,,,,,,
"October 17, 2024",46.3185,6.4272,17.1928,18.6335,9.4192,97.9912,,,,,,,,,
"October 18, 2024",35.6021,18.2792,17.4614,18.3903,13.2383,102.9713,,,,,,,,,
"October 19, 2024",44.6624,28.4151,15.9798,34.4631,15.0235,138.5439,,,,,,,,,
"October 20, 2024",41.3434,5.9836,11.1234,31.4134,15.0774,104.9412,,,,,,,,,
"October 21, 2024",44.8249,8.0527,18.8863,27.5292,11.5578,110.8509,,,,,,,,,
"October 22, 2024",38.5929,16.305,16.0488,28.1764,18.0872,117.2103,,,,,,,,,
"October 23, 2024",61.7158,28.3469,14.7253,24.0518,16.3482,145.188,,,,,,,,,
"October 24, 2024",52.8078,12.9039,9.3319,33.6773,15.141,123.8619,,,,,,,,,
"October 25, 2024",55.3731,17.6809,13.3647,22.4065,1.1121,109.9373,,,,,,,,,
"October 26, 2024",58.6751,6.0393,13.5243,19.5129,0.1376,97.8892,,,,,,,,,
"October 27, 2024",49.9533,8.7086,18.3748,14.0759,4.2489,95.3615,,,,,,,,,
"October 28, 2024",37.6076,29.6658,14.5598,29.6551,13.2705,124.7588,,,,,,,,,
"October 29, 2024",51.1132,29.128,12.5648,28.3611,8.2239,129.391,,,,,,,,,
"October 30, 2024",52.6052,5.1235,19.7216,19.6089,8.0481,105.1073,,,,,,,,,
"October 31, 2024",57.3632,28.7953,9.3286,10.6298,17.6917,123.8086,,,,,,,,,
"November 01, 2024",47.9498,20.978,13.0706,30.9749,17.9113,130.8846,,,,,,,,,
"November 02, 2024",38.8274,26.698,8.5043,10.2854,18.1835,102.4986,,,,,,,,,
"November 03, 2024",43.5133,16.3685,16.8788,27.5925,6.2776,110.6307,,,,,,,,,
"November 04, 2024",45.8925,17.8899,19.0169,34.2564,13.8211,130.8768,,,,,,,,,
"November 05, 2024",54.3775,17.2212,11.3604,20.9415,5.4327,109.3333,,,,,,,,,
"November 06, 2024",52.1233,21.6716,18.3001,15.8743,3.8122,111.7815,,,,,,,,,
"November 07, 2024",45.6829,8.4913,11.5066,27.6218,3.6926,96.9952,,,,,,,,,
"November 08, 2024",64.5955,5.7493,18.9292,30.4282,6.8422,126.5444,,,,,,,,,
"November 09, 2024",53.1732,12.6982,17.0475,23.6608,8.5992,115.1789,,,,,,,,,
"November 10, 2024",42.1168,22.617,17.6589,34.1759,16.619,133.1876,,,,,,,,,
"November 11, 2024",38.0535,10.0463,8.2161,11.2917,2.3978,70.0054,,,,,,,,,
"November 12, 2024",39.5858,21.8358,19.5537,22.6199,14.6985,118.2937,,,,,,,,,
"November 13, 2024",42.3787,29.2478,16.7201,27.9613,10.6291,126.937,,,,,,,,,
"November 14, 2024",39.8204,7.3475,11.657,31.566,5.7589,96.1498,,,,,,,,,
"November 15, 2024",40.597,21.8151,17.9527,14.4814,9.8564,104.7026,,,,,,,,,
"November 16, 2024",43.5529,16.0938,11.3783,30.0001,5.9988,107.0239,,,,,,,,,
"November 17, 2024",40.2012,26.7036,18.473,23.8177,11.9216,121.1171,,,,,,,,,
"November 18, 2024",61.903,9.4287,9.351,19.9138,8.6769,109.2734,,,,,,,,,
"November 19, 2024",37.407,22.3156,16.4442,13.2929,3.2881,92.7478,,,,,,,,,
"November 20, 2024",50.7353,25.9529,14.4884,31.6324,2.3317,125.1407,,,,,,,,,
"November 21, 2024",47.3119,28.6154,9.1584,13.9318,10.9339,109.9514,,,,,,,,,
"November 22, 2024",64.4714,22.0812,10.9027,17.7447,18.0483,133.2483,,,,,,,,,
"November 23, 2024",38.3612,17.4294,8.1488,17.2511,6.8792,88.0697,,,,,,,,,
"November 24, 2024",46.9357,20.4462,13.6252,31.7854,14.66,127.4525,,,,,,,,,
"November 25, 2024",64.0841,26.7226,11.6152,26.8176,13.1732,142.4127,,,,,,,,,
"November 26, 2024",60.9652,19.2652,15.1803,29.917,18.6311,143.9588,,,,,,,,,
"November 27, 2024",59.5122,5.7597,11.5669,16.2617,16.4196,109.5201,,,,,,,,,
"November 28, 2024",42.7371,28.2737,11.599,25.6219,11.3321,119.5638,,,,,,,,,
"November 29, 2024",40.1266,22.2382,16.9183,24.2936,13.1406,116.7173,,,,,,,,,
"November 30, 2024",55.0593,21.9128,8.5777,30.8208,17.9677,134.3383,,,,,,,,,
"December 01, 2024",62.8813,10.3919,18.8347,32.6522,7.9904,132.7505,,,,,,,,,
"December 02, 2024",51.7029,21.4721,18.2272,10.3039,6.5359,108.242,,,,,,,,,
"December 03, 2024",52.1484,14.8466,16.0137,26.8505,0.2162,110.0754,,,,,,,,,
"December 04, 2024",43.3994,21.2808,15.1187,11.2959,16.531,107.6258,,,,,,,,,
"December 05, 2024",58.0848,7.6648,18.7076,23.7215,16.0196,124.1983,,,,,,,,,
"December 06, 2024",40.6113,21.4461,10.224,17.1908,2.0891,91.5613,,,,,,,,,
"December 07, 2024",44.7104,29.9853,8.9476,17.6694,11.5371,112.8498,,,,,,,,,
"December 08, 2024",47.7631,6.2053,10.8741,18.824,9.2796,92.9461,,,,,,,,,
"December 09, 2024",50.2283,29.4294,17.5349,25.5323,2.3742,125.0991,,,,,,,,,
"December 10, 2024",42.2723,15.1727,8.416,18.3512,19.6114,103.8236,,,,,,,,,
"December 11, 2024",38.4451,26.7688,14.9937,28.3175,4.2939,112.819,,,,,,,,,
"December 12, 2024",53.3186,24.5596,19.9453,20.1132,1.3447,119.2814,,,,,,,,,
"December 13, 2024",43.6589,19.1754,18.2684,11.7088,11.8969,104.7084,,,,,,,,,
"December 14, 2024",52.4371,23.4612,14.2573,29.594,14.7773,134.5269,,,,,,,,,
"December 15, 2024",39.6309,26.9629,8.7637,17.144,0.6489,93.1504,,,,,,,,,
"December 16, 2024",49.4342,15.1035,17.9765,20.8192,13.1744,116.5078,,,,,,,,,
"December 17, 2024",50.9777,13.1758,15.1877,27.1361,10.6458,117.1231,,,,,,,,,
"December 18, 2024",36.5547,21.6898,9.3792,18.3114,2.0653,88.0004,,,,,,,,,
"December 19, 2024",45.0981,25.1961,9.1263,11.4146,3.4505,94.2856,,,,,,,,,
"December 20, 2024",39.0324,24.0571,18.9155,19.348,11.3595,112.7125,,,,,,,,,
"December 21, 2024",36.9012,24.9453,16.0304,33.6112,5.9272,117.4153,,,,,,,,,
"December 22, 2024",64.6988,15.8896,17.9514,26.0434,18.7663,143.3495,,,,,,,,,
"December 23, 2024",44.6706,25.4459,18.5477,26.787,16.3748,131.826,,,,,,,,,
"December 24, 2024",59.2962,8.0052,14.8613,25.8071,19.6713,127.6411,,,,,,,,,
"December 25, 2024",42.6392,18.6122,14.2094,14.9748,5.1934,95.629,,,,,,,,,
"December 26, 2024",55.4451,5.144,13.1651,20.4583,19.3945,113.607,,,,,,,,,
"December 27, 2024",57.8068,13.1146,11.8034,28.7735,8.6247,120.123,,,,,,,,,
"December 28, 2024",52.8692,14.1615,13.2152,12.5343,6.9504,99.7306,,,,,,,,,
"December 29, 2024",49.1473,14.9043,17.2866,16.9463,1.007,99.2915,,,,,,,,,
"December 30, 2024",47.3552,22.3867,15.2231,16.908,1.0553,102.9283,,,,,,,,,
"December 31, 2024",45.466,14.714,18.7103,20.8005,13.8402,113.531,,,,,,,,,
"January 01, 2025",62.8859,16.2173,13.3206,34.5092,9.1586,136.0916,,,,,,,,,
"January 02, 2025",59.9186,10.9386,15.2851,11.6876,4.5304,102.3603,,,,,,,,,
"January 03, 2025",63.9508,14.3313,15.5757,22.9675,12.2794,129.1047,,,,,,,,,
"January 04, 2025",38.7289,10.6817,15.1004,14.4841,5.0572,84.0523,,,,,,,,,
"January 05, 2025",56.926,6.8299,16.4316,34.2669,11.5526,126.007,,,,,,,,,
"January 06, 2025",63.1502,20.0862,10.8492,12.8326,7.1842,114.1024,,,,,,,,,
"January 07, 2025",40.437,21.7053,14.1484,20.09,16.471,112.8517,,,,,,,,,
"January 08, 2025",36.9949,20.4873,9.2507,28.4471,16.4139,111.5939,,,,,,,,,
"January 09, 2025",57.2336,16.5874,12.6141,27.6139,9.547,123.596,,,,,,,,,
"January 10, 2025",52.2342,14.4946,13.852,20.5682,7.0164,108.1654,,,,,,,,,
"January 11, 2025",60.2549,26.5833,15.8267,18.6631,7.2512,128.5792,,,,,,,,,
"January 12, 2025",39.1932,17.977,19.4064,19.9403,16.1143,112.6312,,,,,,,,,
"January 13, 2025",58.858,16.9795,15.2078,16.6069,6.5636,114.2158,,,,,,,,,
"January 14, 2025",41.0488,5.6411,16.9231,15.1333,4.1812,82.9275,,,,,,,,,
"January 15, 2025",39.9097,13.5312,14.0752,22.076,1.6938,91.2859,,,,,,,,,
"January 16, 2025",39.928,14.5049,15.6092,16.7133,9.3339,96.0893,,,,,,,,,
"January 17, 2025",59.4372,14.9706,8.8512,17.1865,9.6426,110.0881,,,,,,,,,
"January 18, 2025",54.9559,19.5043,11.0527,26.4189,16.8182,128.75,,,,,,,,,
"January 19, 2025",50.692,18.3401,12.3422,34.2134,4.4248,120.0125,,,,,,,,,
"January 20, 2025",45.7649,20.1976,13.6699,25.0909,7.6198,112.3431,,,,,,,,,
"January 21, 2025",61.316,24.1221,8.5478,11.9245,16.1681,122.0785,,,,,,,,,
"January 22, 2025",46.7734,25.3246,9.6803,11.8896,16.4725,110.1404,,,,,,,,,
"January 23, 2025",59.498,22.9531,11.3218,33.7856,7.6922,135.2507,,,,,,,,,
"January 24, 2025",48.174,28.8881,19.6584,17.4323,9.1825,123.3353,,,,,,,,,
"January 25, 2025",46.3083,5.4558,11.9762,12.3017,6.0657,82.1077,,,,,,,,,
"January 26, 2025",48.8804,9.8944,13.7845,24.9761,18.6511,116.1865,,,,,,,,,
"January 27, 2025",44.0413,5.1891,10.3532,25.5912,2.3729,87.5477,,,,,,,,,
"January 28, 2025",57.4283,21.1869,15.3294,26.2126,18.675,138.8322,,,,,,,,,
"January 29, 2025",50.0816,27.4508,11.3682,16.6851,13.6773,119.263,,,,,,,,,
"January 30, 2025",41.9664,11.0871,10.4839,10.3778,10.6314,84.5466,,,,,,,,,
"January 31, 2025",61.9872,28.1759,14.1989,34.1254,0.6532,139.1406,,,,,,,,,
"February 01, 2025",46.5167,6.5067,8.0661,16.2723,9.5119,86.8737,,,,,,,,,
"February 02, 2025",51.3066,28.3609,8.092,26.9007,8.155,122.8152,,,,,,,,,
"February 03, 2025",62.1942,13.7906,10.6288,27.6657,3.2244,117.5037,,,,,,,,,
"February 04, 2025",53.7271,7.5355,8.4407,25.2502,13.1282,108.0817,,,,,,,,,
"February 05, 2025",38.5069,17.1468,9.2963,17.8227,19.423,102.1957,,,,,,,,,
"February 06, 2025",63.195,11.4194,12.0663,16.7774,11.2438,114.7019,,,,,,,,,
"February 07, 2025",53.8312,12.1218,17.631,24.9417,14.2951,122.8208,,,,,,,,,
"February 08, 2025",45.0472,12.6822,14.8646,31.6524,1.369,105.6154,,,,,,,,,
"February 09, 2025",39.1782,25.0756,14.152,33.6683,8.3533,120.4274,,,,,,,,,
"February 10, 2025",58.8208,18.479,11.5219,12.6476,2.3272,103.7965,,,,,,,,,
"February 11, 2025",53.6022,12.7827,19.181,13.8707,12.2559,111.6925,,,,,,,,,
"February 12, 2025",51.0038,20.2583,12.7642,33.6184,18.7696,136.4143,,,,,,,,,
"February 13, 2025",61.8168,22.9038,9.0451,28.4134,13.2356,135.4147,,,,,,,,,
"February 14, 2025",58.6579,11.8156,15.4048,32.0748,1.5361,119.4892,,,,,,,,,
"February 15, 2025",39.5502,15.3387,9.3661,15.0658,7.0933,86.4141,,,,,,,,,
"February 16, 2025",44.3517,8.0472,12.1427,24.6896,11.0133,100.2445,,,,,,,,,
"February 17, 2025",42.4547,9.5287,14.0889,27.5285,8.0642,101.665,,,,,,,,,
"February 18, 2025",57.3184,22.0279,18.4907,27.0028,16.6729,141.5127,,,,,,,,,
"February 19, 2025",36.006,9.536,13.9226,20.2038,16.2934,95.9618,,,,,,,,,
"February 20, 2025",52.0967,18.1291,16.4271,10.3849,12.2366,109.2744,,,,,,,,,
"February 21, 2025",57.8738,22.7262,19.9138,24.5732,7.4692,132.5562,,,,,,,,,
"February 22, 2025",61.303,7.6719,9.5779,16.3275,5.1067,99.987,,,,,,,,,
"February 23, 2025",45.2625,19.1828,11.2968,21.2564,2.1175,99.116,,,,,,,,,
"February 24, 2025",59.6377,11.4141,12.7349,33.9395,7.098,124.8242,,,,,,,,,
"February 25, 2025",38.319,29.0732,13.0619,19.9759,8.2635,108.6935,,,,,,,,,
"February 26, 2025",60.3936,17.0886,12.9323,30.995,13.5165,134.926,,,,,,,,,
"February 27, 2025",38.8247,25.1498,18.8913,14.7135,13.1632,110.7425,,,,,,,,,
"February 28, 2025",46.9186,18.7557,16.5684,26.8115,1.4022,110.4564,,,,,,,,,
"March 01, 2025",42.5302,23,11.3547,25.8159,0,102.7008,,,,,,,,,
"March 02, 2025",44.6389,7.87,6.1938,25.8159,13.4859,98.0045,,,,,,,,,
"March 03, 2025",42.3744,17.89,11.3654,32.287,6.2882,110.205,,,,,,,,,
"March 04, 2025",42.8126,20.34,14.6607,12.1858,0.12,90.1191,,,,,,,,,
"March 05, 2025",47.424,19.54,19.7646,32.0478,9.9173,128.6937,,,,,,,,,
"March 06, 2025",51.3158,31.44,25.6767,27.647,13.0296,149.1091,,,,,,,,,
"March 07, 2025",40.4138,27.65,22.3272,25.8952,15.4392,131.7254,,,,,,,,,
"March 08, 2025",43.3371,8.245,10.3668,25.8952,3.8231,91.6672,,,,,,,,,
"March 09, 2025",43.3371,8.245,10.3668,25.8952,3.8231,91.6672,,,,,,,,,
"March 10, 2025",55.0021,12.98,12.3436,11.5634,14.9766,103.7342,,,,,,,,,
"March 11, 2025",52.4572,16.45,14.5198,39.8925,32.0883,123.3195,,,,,,,,,
"March 12, 2025",56.7068,15.02,12.2686,19.6475,3.324,112.0983,,,,,,,,,
"March 13, 2025",55.6774,13.55,12.2452,33.1393,18.6223,133.2342,,,,,,,,,
"March 14, 2025",51.5288,14.58,12.4569,25.3717,0,103.9374,,,,,,,,,
"March 15, 2025",53.3657,20.31,9.5908,25.3717,5.5539,114.192,,,,,,,,,
"March 16, 2025",53.3657,20.31,9.5908,25.3717,5.5539,114.192,,,,,,,,,
"March 17, 2025",51.1029,22.09,10.9798,26.2904,22.4824,132.9455,,,,,,,,,
"March 18, 2025",57.9501,15.15,17.1039,29.987,0,120.191,,,,,,,,,
"March 19, 2025",54.624,14.04,16.0175,21.2341,14.9766,120.8922,,,,,,,,,
"March 20, 2025",63.0392,14.69,17.1321,21.7793,32.0883,148.7289,,,,,,,,,
"March 21, 2025",46.8152,15.37,22.5321,3.5033,3.324,91.5446,,,,,,,,,
"March 22, 2025",44.184,25.66,12.3542,3.5033,0,85.7015,,,,,,,,,
"March 23, 2025",46.1583,6.98,16.5021,3.5033,0.6767,73.8204,,,,,,,,,
"March 24, 2025",49.3889,13.38,12.5484,11.8451,0.0111,75.3284,,,,,,,,,
"March 25, 2025",50.1549,14.54,15.3225,0,4.0309,135.6555,,,,,,,,,
"March 26, 2025",47.0858,12.79,14.5297,8.4554,19.2468,119.1209,,,,,,,,,
"March 27, 2025",47.1479,18.47,22.7104,18.6223,5.3477,117.5067,,,,,,,,,
"March 28, 2025",42.7662,16.7,36.5528,0,15.6301,111.6491,,,,,,,,,
"March 29, 2025",38.7568,21.23,17.405,0.9872,0,77.3918,,,,,,,,,
"March 30, 2025",41.0339,12.86,11.7931,0,0,66.6742,,,,,,,,,
"March 31, 2025",40.0293,19.63,23.4755,0,0,83.1348,,,,,,,,,
